Gene_ID,taxonomy,sample_ID,normalized_abundance,pct_identity,aln_length,Clade,latitude.x,longitude.x,depth.x,station,depth.y,size fraction,latitude.y,longitude.y,Station,ENA_ID,INSDC_ID,BioSamples_ID,Sample_method,Depth_Nominal,Environmental_feature,Fraction_Lower,Fraction_Upper,Biome,Region,Province,Barcode,Date_Time,Seafloor,Temperature,Salinity,Density,Distance_coast,Chlorophyll_A,Depth,PAR,O2,NO3,Iron_5m*,Ammonium_5m*,Nitrite_5m*,Nitrate_5m*,CDOM*,NPP_C*,POC*,PIC*,Alkalinity,Carbon Total,CO2,CO3,HCO3,pH,NO2,PO4,NO3_NO2,Si,MLD,DCM,Depth_max_Brunt_Väisälä_freq,Depth_max_O2,Depth_min_O2,Depth_nitracline,Shannon_Darwin*,Shannon_Physat*,miTAG_SILVA_Chao,miTAG_SILVA_Shannon,OG_Richness,OG_Evenness,Chlorophyll c3,Peridinin,Fucoxanthin,Prasinoxanthin,19-Hexanoyloxyfucoxanthin,Alloxanthin,Zeaxanthin,Lutein,Latitude,Longitude,Sea_ice*,Season,Season_subperiod,Okubo-Weiss*,Lyapunov*,Residence_time*
OM-RGC.v2.008955342,Biota;,TARA_X000001036,7.23842E-09,100,292,Thalassolituus haligoni BB40 (Clade 1),39.0609,5.9422,DCM,TARA_009,DCM,[0.22-3µm],39.0609,5.9422,TARA_009,ERS488147,ERR594315|ERR594329,SAMEA2619548,SEQ-(dry)_W0.22-1.6,DCM,[DCM] deep chlorophyll maximum layer (ENVO:01000326),0.22,1.6,Westerlies Biome,[MS] Mediterranean Sea (MRGID:1905),"[MEDI] Mediterranean Sea, Black Sea Province (MRGID:21465)",TARA_X000001036,2009/09/28 16:59:00,-2866,15.9708,37.68195,27.81605,157.8376,0.4575,55,1.233359,,,0.00138773,0.015086659,0.048709321,0.01675451,,240.841,35.80424881,8.10158E-05,0.002,0.0067,,0.0169,0.0071,,,,,,,56,25,,,,0.600831,0.52087,4462.68593,6.907613079,15318.4,0.742404217,0.01,0.0124,0.0067,0.0025,0.0557,0.0014,0.0569,0,39.0609,5.9422,0,autumn,early,0.021447,0.190651,0
OM-RGC.v2.008955342,Biota;,TARA_B110000112,9.66856E-09,100,292,Thalassolituus haligoni BB40 (Clade 1),79.2026,66.4827,ZZZ,TARA_175,ZZZ,[0.22-3µm],79.2026,66.4827,TARA_175,ERS1308806,,SAMEA4397357,SEQ-(10L-or-15min)_W0.22-3,ZZZ,[ZZZ] marine water layer (ENVO:01000295),0.22,3,Polar Biome,[AO] Arctic Ocean (MRGID:1906),[BPLR] Boreal Polar Province (MRGID:21450),TARA_B110000112,2013/07/10 11:00:00,-449,1.47689,34.8814,27.91825,159.878,-0.027,199,0,296.228,11.691602,0.00109338,0.000589373,0.003293654,6.750465393,,,98.90457916,0.000491698,,,,,,,0.019,0.730535,11.508,4.994604,231,16,3,26,154,44,,,,,,,,,,,,,,,79.2026,66.4827,0,summer,early,,0,0
OM-RGC.v2.008955342,Biota;,TARA_B110000878,9.9704E-09,100,292,Thalassolituus haligoni BB40 (Clade 1),72.4456,-71.8814,MES,TARA_205,MES,[0.22-3µm],72.4456,-71.8814,TARA_205,ERS1309612,,SAMEA4398163,SEQ-(10L-or-15min)_W0.22-3,MES,[MES] marine water layer (ENVO:01000295) within the mesopelagic zone (ENVO:00000213),0.22,3,Polar Biome,[AO] Arctic Ocean (MRGID:1906),[BPLR] Boreal Polar Province (MRGID:21450),TARA_B110000878,2013/10/08 18:24:00,-1046,1.230869,34.378169,27.531506,91.7069,-0.0081,491,,227.316,22.810319,0.000596423,0.018947516,0.152390116,1.684819688,,,,,,,,,,,,,,,243,24,48,13,481,53,,,,,,,,,,,,,,,72.4456,-71.8814,0,autumn,early,0.189964,0.113334,0
OM-RGC.v2.008955342,Biota;,TARA_B110000494,7.93405E-09,100,292,Thalassolituus haligoni BB40 (Clade 1),70.9433,-53.5127,MES,TARA_206,MES,[0.22-3µm],70.9433,-53.5127,TARA_206,ERS1309682,,SAMEA4398233,SEQ-(10L-or-15min)_W0.22-3,MES,[MES] marine water layer (ENVO:01000295) within the mesopelagic zone (ENVO:00000213),0.22,3,Polar Biome,[AO] Arctic Ocean (MRGID:1906),[BPLR] Boreal Polar Province (MRGID:21450),TARA_B110000494,2013/10/12 18:02:00,-680,3.03554,34.50669,27.488995,7.5708,-0.01008,411,,230.0861,13.409788,0.000494336,0.022793755,0.19323191,0.170150639,,,,,,,,,,,,,,,205,14,35,15,472,505,,,,,,,,,,,,,,,70.9433,-53.5127,0.251729518,autumn,early,,0,0
OM-RGC.v2.008955342,Biota;,TARA_B110000465,4.00211E-08,100,292,Thalassolituus haligoni BB40 (Clade 1),64.7,-52.996,MES,TARA_209,MES,[0.22-3µm],64.7,-52.996,TARA_209,ERS1309803,,SAMEA4398354,SEQ-(10L-or-15min)_W0.22-3,MES,[MES] marine water layer (ENVO:01000295) within the mesopelagic zone (ENVO:00000213),0.22,3,Polar Biome,[AO] Arctic Ocean (MRGID:1906),[BPLR] Boreal Polar Province (MRGID:21450),TARA_B110000465,2013/10/23 17:36:00,-513,4.20173,34.59923,27.448865,39.2126,-0.0111,351,0,273.02835,10.622333,0.000488831,0.029433576,0.29848822,0.505696426,,,,,0,0.0102,,0.0019,0.009,,,,,,17,,89,14,424,426,,,,,,,0.0021,0.0007,0.0102,0.001,0.002,0.0006,0.0008,0,64.7,-52.996,0,autumn,middle,-0.050291,0,5.666667
OM-RGC.v2.009066319,Biota;,TARA_B100000097,1.02915E-08,100,290,HBD_Gamma_06 (Clade 2),18.7341,66.3896,MES,TARA_039,MES,[0.22-3µm],18.7341,66.3896,TARA_039,ERS488936,ERR599172|ERR599037,SAMEA2620097,SEQ-(100L)_W0.22-1.6,MES,[MES] marine water layer (ENVO:01000295) within the mesopelagic zone (ENVO:00000213),0.22,1.6,Trades Biome,[IO] Indian Ocean (MRGID:1904),[MONS] Indian Monsoon Gyres Province (MRGID:21471),TARA_B100000097,2010/03/20 08:15:00,-3147,15.553795,35.907681,26.565675,462.0824,0.00144,270,0,3.12405,18.560166,0.00138772,0.0255102,0.004728645,0.003323513,1.99059,487.271,80.98583221,0.000207011,0,0,,0,0.0058,,2.074,2.64,21.22,38.62,14,34,3,16,486,125,0.386281,0.51759,,,,,0,0,0,0,0,0,0.0013,0,18.7341,66.3896,0,spring,early,0.403157,,2.25
OM-RGC.v2.009066319,Biota;,TARA_B100001013,7.57886E-09,100,290,HBD_Gamma_06 (Clade 2),-25.8076,-111.691,MES,TARA_098,MES,[0.22-3µm],-25.8076,-111.691,TARA_098,ERS491767,ERR599071|ERR599085,SAMEA2622048,SEQ-(100L)_W0.22-3,MES,[MES] marine water layer (ENVO:01000295) within the mesopelagic zone (ENVO:00000213),0.22,3,Trades Biome,[SPO] South Pacific Ocean (MRGID:1910),"[SPSG] South Pacific Subtropical Gyre Province, North and South (MRGID:21486)",TARA_B100001013,2011/04/04 13:55:00,-3087,7.96837,34.3655,26.78725,273.3783,-0.00072,488,0.000001,154.6701,24.271551,0.000233155,0.007986359,0.029286791,0.010698052,1.44693,80.7461,18.08223915,,0,0,,0,0,,0,2.023,27.2885,12.05,64,168,72,98,460,411,0.187939,0.317446,4911.566965,6.538486008,17162.4,0.727779536,0,0,0,0,0,0,0,0,-25.8076,-111.6906,0,autumn,early,-0.006839,0.028784,0
OM-RGC.v2.009066319,Biota;,TARA_B100000886,9.98334E-09,100,290,HBD_Gamma_06 (Clade 2),-21.146,-104.787,SRF,TARA_099,SRF,[0.22-3µm],-21.146,-104.787,TARA_099,ERS491804,ERR599024,SAMEA2622074,SEQ-(100L)_W0.22-3,SRF,[SRF] surface water layer (ENVO:00010504),0.22,3,Trades Biome,[SPO] South Pacific Ocean (MRGID:1910),"[SPSG] South Pacific Subtropical Gyre Province, North and South (MRGID:21486)",TARA_B100000886,2011/04/09 13:56:00,-3906,23.88925,36.1376,24.5391,273.4659,0,5,38.580543,203.37975,0,0.000004583,0.015182246,0.054898681,3.216655207,1.67784,126.418,24.1590004,0.000241036,0,0.0003,,0.0006,0,,0.006,0.2975,0.0315,0.558,67,145,75,107,385,386,0.576329,0.230916,3184.902672,6.40197793,13751.3,0.74581386,0,0.0003,0.0003,0,0.002,0,0.0222,0,-21.146,-104.787,0,autumn,early,0.00016,0.050989,8.333333
OM-RGC.v2.009066319,Biota;,TARA_B100000965,9.07652E-09,100,290,HBD_Gamma_06 (Clade 2),-12.9723,-96.0122,DCM,TARA_100,DCM,[0.22-3µm],-12.9723,-96.0122,TARA_100,ERS491874,ERR599113|ERR599081,SAMEA2622119,SEQ-(10L-or-15min)_W0.22-3,DCM,[DCM] deep chlorophyll maximum layer (ENVO:01000326),0.22,3,Trades Biome,[SPO] South Pacific Ocean (MRGID:1910),"[SPSG] South Pacific Subtropical Gyre Province, North and South (MRGID:21486)",TARA_B100000965,2011/04/15 19:38:00,-3678,22.596675,35.64227,24.5284,1404.6916,0.18456,50,,216.67805,4.229206,0.000003277,0.018424854,0.128016119,9.24222072,,403.48275,52.89086151,0.000295935,0.0061,0.0096,,0.0099,0,,0.1635,0.7785,5.6545,1.8815,44,56,53,52,301,149,0.671904,0.492855,4404.434487,6.829191226,18464.5,0.73777195,0.0122,0.0093,0.0096,0,0.0322,0,0.0521,0.0045,-12.9723,-96.0122,0,autumn,early,0.013354,0.045278,6
OM-RGC.v2.009066319,Biota;,TARA_B100000959,2.23907E-08,100,290,HBD_Gamma_06 (Clade 2),-12.9794,-96.0232,DCM,TARA_100,DCM,[0.22-3µm],-12.9794,-96.0232,TARA_100,ERS491913,ERR598981|ERR598953|ERR598946,SAMEA2622149,SEQ-(10L-or-15min)_W0.22-3,DCM,[DCM] deep chlorophyll maximum layer (ENVO:01000326),0.22,3,Trades Biome,[SPO] South Pacific Ocean (MRGID:1910),"[SPSG] South Pacific Subtropical Gyre Province, North and South (MRGID:21486)",TARA_B100000959,2011/04/16 13:03:00,-3412,12.806365,34.82775,26.3033,1406.3089,0.0006,177,,3.4942,20.254424,0.000003277,0.018424854,0.128016119,9.24222072,,378.781,51.6122818,0.000296832,0,0,,0.0001,0,,0.131,2.68675,23.251,20.9015,45,61,56,53,226,148,0.671904,0.492855,4805.282165,6.67828735,17447.9,0.740331364,0,0.0002,0,0,0.0023,0,0.00095,0,-12.9794,-96.0232,0,autumn,early,0.013354,0.045278,6
OM-RGC.v2.009066319,Biota;,TARA_B100000953,1.22448E-06,100,290,HBD_Gamma_06 (Clade 2),-5.261,-85.1678,MES,TARA_102,MES,[0.22-3µm],-5.261,-85.1678,TARA_102,ERS491980,ERR599132|ERR599055|ERR599128,SAMEA2622197,SEQ-(10L-or-15min)_W0.22-3,MES,[MES] marine water layer (ENVO:01000295) within the mesopelagic zone (ENVO:00000213),0.22,3,Trades Biome,[SPO] South Pacific Ocean (MRGID:1910),[PEOD] Pacific Equatorial Divergence Province (MRGID:21489),TARA_B100000953,2011/04/22 12:08:00,-4118,9.137438,34.692094,26.863531,442.8228,0,480,0,5.148,40.112735,0.000004398,0.034300595,0.573159586,7.140994549,,598.95,85.90293503,0.000337211,0,0,,0,0,,0.014,2.853,39.1775,40.579,34,42,45,13,445,43,0.507222,0.75472,4723.346213,6.680479401,17457.4,0.735844273,0,0,0,0,0,0,0.0003,0,-5.261,-85.1678,0,autumn,middle,0.043188,0.012324,0
OM-RGC.v2.009066319,Biota;,TARA_B100000900,7.45402E-09,100,290,HBD_Gamma_06 (Clade 2),-5.2529,-85.1545,SRF,TARA_102,SRF,[0.22-3µm],-5.2529,-85.1545,TARA_102,ERS491938,ERR598943|ERR598978,SAMEA2622173,SEQ-(10L-or-15min)_W0.22-3,SRF,[SRF] surface water layer (ENVO:00010504),0.22,3,Trades Biome,[SPO] South Pacific Ocean (MRGID:1910),[PEOD] Pacific Equatorial Divergence Province (MRGID:21489),TARA_B100000900,2011/04/21 20:07:00,-4111,24.958885,34.764535,23.176695,805.0024,0.16782,5,24.439054,204.421,13.010708,0.000004398,0.034300595,0.573159586,7.140994549,1.13119,598.95,85.90293503,0.000337211,0.0104,0.00655,16.56381,0.00475,0,7.905094,0.3285,1.02575,12.8225,5.04425,24,26,34,14,419,32,0.507222,0.75472,3197.769229,6.615299747,13566,0.749754292,0.01195,0.0038,0.00655,0,0.0318,0,0.0801,0.02775,-5.2529,-85.1545,0,autumn,early,0.043188,0.012324,0
OM-RGC.v2.009066319,Biota;,TARA_B100000929,2.1274E-08,100,290,HBD_Gamma_06 (Clade 2),2.0649,-84.5546,MES,TARA_109,MES,[0.22-3µm],2.0649,-84.5546,TARA_109,ERS492205,ERR599067|ERR598971,SAMEA2622362,SEQ-(10L-or-15min)_W0.22-3,MES,[MES] marine water layer (ENVO:01000295) within the mesopelagic zone (ENVO:00000213),0.22,3,Coastal Biome,[NPO] North Pacific Ocean (MRGID:1908),[CHIL] Chile-Peru Current Coastal Province (MRGID:21495),TARA_B100000929,2011/05/13 16:08:00,-3257,11.142362,34.791419,26.595869,511.4309,0,380,,2.264562,33.049074,0.000004994,0.038657464,0.411641767,3.423354744,0.9906,471.9535,,,,,,,,,,,,,12,24,69,14,422,64,0.60986,0.500877,4998.544817,6.832154721,18991.5,0.740244987,,,,,,,,,2.0649,-84.5546,0,spring,middle,-0.002594,0.005026,2.083333
OM-RGC.v2.009066319,Biota;,TARA_B100000925,1.51572E-08,100,290,HBD_Gamma_06 (Clade 2),1.9928,-84.5766,SRF,TARA_109,SRF,[0.22-3µm],1.9928,-84.5766,TARA_109,ERS492145,ERR598997|ERR599118,SAMEA2622316,SEQ-(10L-or-15min)_W0.22-3,SRF,[SRF] surface water layer (ENVO:00010504),0.22,3,Coastal Biome,[NPO] North Pacific Ocean (MRGID:1908),[CHIL] Chile-Peru Current Coastal Province (MRGID:21495),TARA_B100000925,2011/05/12 14:00:00,-3215,27.497475,33.472445,21.408655,496.135,0.16428,5,,199.6911,1.673601,0.000004994,0.038657464,0.411641767,3.423354744,,478.5445,,,0.005,0.004,10.944395,0.00275,0,8.021784,0.0455,0.2865,0.8935,1.7085,15,30,59,13,395,63,0.60986,0.500877,,,,,0.0046,0.0043,0.004,0,0.01525,0,0.09625,0.01125,1.9928,-84.5766,0,spring,middle,-0.002594,0.005026,2.083333
OM-RGC.v2.009066319,Biota;,TARA_B100001113,1.63621E-07,100,290,HBD_Gamma_06 (Clade 2),-1.9002,-84.6265,DCM,TARA_110,DCM,[0.22-3µm],-1.9002,-84.6265,TARA_110,ERS492264,ERR599014,SAMEA2622402,SEQ-(100L)_W0.22-3,DCM,[DCM] deep chlorophyll maximum layer (ENVO:01000326),0.22,3,Trades Biome,[SPO] South Pacific Ocean (MRGID:1910),"[SPSG] South Pacific Subtropical Gyre Province, North and South (MRGID:21486)",TARA_B100001113,2011/05/21 21:00:00,-2111,22.039785,35.112815,24.318245,407.3646,0.21402,50,0.112155,145.0818,10.202445,0.000005493,0.042527045,0.645360056,6.029548923,,642.094,68.13558197,0.000241573,0.005,0.0291,,0.0316,0,,0.414,0.9295,10.701,5.407,21,28,64,14,369,69,0.54627,0.713291,4206.588394,6.796421877,16528.4,0.740312164,0.0343,0.0099,0.0291,0,0.0751,0,0.0355,0.0012,-1.9002,-84.6265,0,autumn,late,0.032297,0.064745,0
OM-RGC.v2.009066319,Biota;,TARA_B100001079,6.43342E-08,100,290,HBD_Gamma_06 (Clade 2),-1.8902,-84.6141,MES,TARA_110,MES,[0.22-3µm],-1.8902,-84.6141,TARA_110,ERS492294,ERR599020,SAMEA2622429,SEQ-(100L)_W0.22-3,MES,[MES] marine water layer (ENVO:01000295) within the mesopelagic zone (ENVO:00000213),0.22,3,Trades Biome,[SPO] South Pacific Ocean (MRGID:1910),"[SPSG] South Pacific Subtropical Gyre Province, North and South (MRGID:21486)",TARA_B100001079,2011/05/22 13:20:00,-2279,10.082375,34.747805,26.748625,409.7887,0.00144,380,0,2.43975,26.734022,0.000005493,0.042527045,0.645360056,6.029548923,,634.104,69.31762314,0.000238122,,,,,,,,,,,33,38,68,13,373,75,0.54627,0.713291,5912.116367,7.181018104,19565.3,0.730786905,,,,,,,,,-1.8902,-84.6141,0,autumn,late,0.032297,0.064745,0
OM-RGC.v2.009066319,Biota;,TARA_B100001109,1.50868E-06,100,290,HBD_Gamma_06 (Clade 2),-2.0133,-84.589,SRF,TARA_110,SRF,[0.22-3µm],-2.0133,-84.589,TARA_110,ERS492228,ERR599039,SAMEA2622376,SEQ-(100L)_W0.22-3,SRF,[SRF] surface water layer (ENVO:00010504),0.22,3,Trades Biome,[SPO] South Pacific Ocean (MRGID:1910),"[SPSG] South Pacific Subtropical Gyre Province, North and South (MRGID:21486)",TARA_B100001109,2011/05/21 12:27:00,-2519,23.88816,35.012435,23.68419,512.0231,0.11724,5,25.413264,191.91255,8.074076,0.000005493,0.042527045,0.645360056,6.029548923,1.9982,527.4725,67.01446152,0.00023864,0,0.0125,50.225139,0.00855,0,7.484872,0.31925,0.77275,8.287,3.8635,33,41,74,13,369,69,0.54627,0.713291,3819.840479,6.734784222,15813.9,0.742768403,0.0083,0.0044,0.0125,0,0.02165,0,0.04595,0.0025,-2.0133,-84.589,0,spring,middle,0.032297,0.064745,0
OM-RGC.v2.009066319,Biota;,TARA_B100000581,7.03484E-09,100,290,HBD_Gamma_06 (Clade 2),-16.9587,-100.675,DCM,TARA_111,DCM,[0.22-3µm],-16.9587,-100.675,TARA_111,ERS492353,,SAMEA2622474,SEQ-(100L)_W0.22-3,DCM,[DCM] deep chlorophyll maximum layer (ENVO:01000326),0.22,3,Trades Biome,[SPO] South Pacific Ocean (MRGID:1910),"[SPSG] South Pacific Subtropical Gyre Province, North and South (MRGID:21486)",TARA_B100000581,2011/05/31 20:28:00,-3913,19.783275,35.69581,25.354365,916.312,0.12738,90,0.019494,208.54895,0.85366,0.000003007,0.013075565,0.043491448,7.843671242,1.1776,367.732,42.42976761,0.00022155,0.0047,0.0035,,0.0141,0,,0.203,0.443,1.2215,0.9285,67,71,225,70,233,230,0.599757,0.463204,4019.574006,6.687022359,15057.3,0.737598349,0.015,0.0055,0.0035,0,0.0325,0,0.0249,0.0005,-16.9587,-100.6751,0,autumn,late,-0.075767,0.018781,34.305556
OM-RGC.v2.009066319,Biota;,TARA_B100000585,5.25089E-08,100,290,HBD_Gamma_06 (Clade 2),-16.9486,-100.672,MES,TARA_111,MES,[0.22-3µm],-16.9486,-100.672,TARA_111,ERS492380,,SAMEA2622498,SEQ-(100L)_W0.22-3,MES,[MES] marine water layer (ENVO:01000295) within the mesopelagic zone (ENVO:00000213),0.22,3,Trades Biome,[SPO] South Pacific Ocean (MRGID:1910),"[SPSG] South Pacific Subtropical Gyre Province, North and South (MRGID:21486)",TARA_B100000585,2011/06/01 16:00:00,-3902,10.69894,34.7072,26.609085,915.2628,0.00288,350,0,4.7047,29.923223,0.000003007,0.013075565,0.043491448,7.843671242,2.2664,357.4615,42.42976761,0.00022155,0,0,,0,0,,,,,,75,82,85,13,327,261,0.599757,0.463204,4822.559469,6.674822174,17558,0.73063419,0,0,0,0,0,0,0,0,-16.9486,-100.6715,0,autumn,late,-0.075767,0.018781,34.305556
OM-RGC.v2.009066319,Biota;,TARA_B100000578,1.8636E-07,100,290,HBD_Gamma_06 (Clade 2),-16.9601,-100.633,SRF,TARA_111,SRF,[0.22-3µm],-16.9601,-100.633,TARA_111,ERS492318,,SAMEA2622449,SEQ-(100L)_W0.22-3,SRF,[SRF] surface water layer (ENVO:00010504),0.22,3,Trades Biome,[SPO] South Pacific Ocean (MRGID:1910),"[SPSG] South Pacific Subtropical Gyre Province, North and South (MRGID:21486)",TARA_B100000578,2011/05/31 14:25:00,-4043,22.78183,35.98269,24.742485,1067.5202,0.0408,5,15.111047,209.1003,3.149999,0.000003007,0.013075565,0.043491448,7.843671242,0.8502,374.2405,43.12891006,0.000225242,0,0.0027,12.099805,0.0041,0,8.049736,0.0415,0.5,2.676,1.0325,73,85,83,30,332,260,0.599757,0.463204,3596.851063,6.628351803,14493.5,0.744136035,0.0044,0.0031,0.0027,0,0.0134,0,0.0287,0.0011,-16.9601,-100.6335,0,autumn,late,-0.075767,0.018781,34.305556
OM-RGC.v2.009066319,Biota;,TARA_B100000945,1.03321E-08,100,290,HBD_Gamma_06 (Clade 2),-23.2189,-129.5,DCM,TARA_112,DCM,[0.22-3µm],-23.2189,-129.5,TARA_112,ERS492445,ERR598957,SAMEA2622545,SEQ-(100L)_W0.22-3,DCM,[DCM] deep chlorophyll maximum layer (ENVO:01000326),0.22,3,Trades Biome,[SPO] South Pacific Ocean (MRGID:1910),"[SPSG] South Pacific Subtropical Gyre Province, North and South (MRGID:21486)",TARA_B100000945,2011/06/15 00:55:00,-3280,21.94937,35.90434,24.927695,147.7183,0.06888,155,0.020187,206.4346,0.423501,0.000157501,0.00623687,0.017828043,0.022861806,0.77993,120.8215,22.8783884,0.000122348,0,0.0011,,0.0104,0,,0.014,0.1145,0.04175,0.6935,131,147,140,146,302,306,0.441733,0.155786,4437.25988,6.577501662,17754,0.732475849,0.00785,0.0009,0.0011,0,0.0171,0,0.02,0,-23.2189,-129.4997,0,autumn,late,-0.120564,0.040113,11.083333
OM-RGC.v2.009066319,Biota;,TARA_B100000949,4.14457E-08,100,290,HBD_Gamma_06 (Clade 2),-23.2232,-129.599,MES,TARA_112,MES,[0.22-3µm],-23.2232,-129.599,TARA_112,ERS492471,ERR599072,SAMEA2622568,SEQ-(100L)_W0.22-3,MES,[MES] marine water layer (ENVO:01000295) within the mesopelagic zone (ENVO:00000213),0.22,3,Trades Biome,[SPO] South Pacific Ocean (MRGID:1910),"[SPSG] South Pacific Subtropical Gyre Province, North and South (MRGID:21486)",TARA_B100000949,2011/06/15 18:43:00,-3641,5.749106,34.306075,27.043012,145.015,-0.0072,696,0,200.470625,28.329562,0.000157501,0.00623687,0.017828043,0.022861806,0.86844,121.756,23.21505642,0.000116093,0,0,,0,0,,,,,,140,160,150,153,549,398,0.441733,0.155786,6787.964777,6.721536169,20947.6,0.734353159,0,0,0,0,0,0,0,0,-23.2232,-129.5986,0,autumn,late,-0.120564,0.040113,11.083333
OM-RGC.v2.009066319,Biota;,TARA_B100000941,9.02616E-08,100,290,HBD_Gamma_06 (Clade 2),-23.2811,-129.395,SRF,TARA_112,SRF,[0.22-3µm],-23.2811,-129.395,TARA_112,ERS492408,ERR598954,SAMEA2622518,SEQ-(100L)_W0.22-3,SRF,[SRF] surface water layer (ENVO:00010504),0.22,3,Trades Biome,[SPO] South Pacific Ocean (MRGID:1910),"[SPSG] South Pacific Subtropical Gyre Province, North and South (MRGID:21486)",TARA_B100000941,2011/06/14 16:45:00,-3523,24.26287,36.43917,24.65312,653.4677,0,5,7.292033,201.6702,0.167491,0.000157501,0.00623687,0.017828043,0.022861806,0.87312,119.018,22.58493233,0.000118293,0,0,22.327772,0.0018,0,7.793725,0.0075,0.14225,0.02525,0.7425,134,163,142,141,1019,433,0.441733,0.155786,4080.856211,6.520954544,16501.9,0.733239582,0,0,0,0,0.0041,0,0.02285,0,-23.2811,-129.3947,0,autumn,late,-0.120564,0.040113,11.083333
OM-RGC.v2.009066319,Biota;,TARA_B100000700,1.03726E-07,100,290,HBD_Gamma_06 (Clade 2),-9.0063,-139.139,DCM,TARA_122,DCM,[0.22-3µm],-9.0063,-139.139,TARA_122,ERS492699,ERR598948,SAMEA2622690,SEQ-(10L-or-15min)_W0.22-3,DCM,[DCM] deep chlorophyll maximum layer (ENVO:01000326),0.22,3,Trades Biome,[SPO] South Pacific Ocean (MRGID:1910),"[SPSG] South Pacific Subtropical Gyre Province, North and South (MRGID:21486)",TARA_B100000700,2011/07/28 17:15:00,-3695,24.661385,36.101175,24.2843,29.6602,0.11844,115,0.009886,178.3692,3.213808,0.000002316,0.030111594,0.087558472,6.207147837,3.24993,300.345,43.59589767,0.000110317,0.0093,0.0028,,0.0107,0,,0.092792,0.582933,2.67775,1.907042,101,102,109,15,186,131,0.260512,0.561525,,,,,0.0144,0.0051,0.0028,0,0.0246,0,0.03415,0,-9.0063,-139.1394,0,winter,middle,0.007751,0.028977,15.833333
OM-RGC.v2.009066319,Biota;,TARA_B100000678,9.22956E-09,100,290,HBD_Gamma_06 (Clade 2),-8.9729,-139.239,MES,TARA_122,MES,[0.22-3µm],-8.9729,-139.239,TARA_122,ERS492680,ERR598999|ERR599096|ERR599033|ERR599083,SAMEA2622673,SEQ-(10L-or-15min)_W0.22-3,MES,[MES] marine water layer (ENVO:01000295) within the mesopelagic zone (ENVO:00000213),0.22,3,Trades Biome,[SPO] South Pacific Ocean (MRGID:1910),"[SPSG] South Pacific Subtropical Gyre Province, North and South (MRGID:21486)",TARA_B100000678,2011/07/27 19:28:00,-3328,7.133995,34.5789,27.07634,33.3605,-0.00144,600,0,40.6107,41.697487,0.000002316,0.030111594,0.087558472,6.207147837,,300.345,42.27088737,0.000125267,,,,,,,,,,,98,103,107,13,255,209,0.260512,0.561525,,,,,,,,,,,,,-8.9729,-139.2393,0,winter,middle,0.007751,0.028977,15.833333
OM-RGC.v2.009066319,Biota;,TARA_B100001115,1.0585E-07,100,290,HBD_Gamma_06 (Clade 2),-8.9971,-139.196,SRF,TARA_122,SRF,[0.22-3µm],-8.9971,-139.196,TARA_122,ERS492642,ERR598992,SAMEA2622652,SEQ-(10L-or-15min)_W0.22-3,SRF,[SRF] surface water layer (ENVO:00010504),0.22,3,Trades Biome,[SPO] South Pacific Ocean (MRGID:1910),"[SPSG] South Pacific Subtropical Gyre Province, North and South (MRGID:21486)",TARA_B100001115,2011/07/26 17:10:00,-3444,26.60467,35.37032,23.122935,4.603,0.06984,5,28.45742,187.07695,5.660372,0.000002316,0.030111594,0.087558472,6.207147837,,300.345,41.59049606,0.000125815,0.003,0.0041,48.966505,0.0045,0,7.470711,0.11925,0.56795,5.456,2.1905,102,106,112,14,252,235,0.260512,0.561525,,,,,0.0044,0.0036,0.0041,0,0.0139,0,0.0479,0.0068,-8.9971,-139.1963,0,winter,early,0.007751,0.028977,15.833333
OM-RGC.v2.009066319,Biota;,TARA_B100000686,3.10269E-08,100,290,HBD_Gamma_06 (Clade 2),-8.9109,-140.285,MIX,TARA_123,MIX,[0.22-3µm],-8.9109,-140.285,TARA_123,ERS492778,ERR598998|ERR598956|ERR599117|ERR599157,SAMEA2622733,SEQ-(10L-or-15min)_W0.22-3,MIX,[MIX] marine epipelagic wind mixed layer (ENVO:01000061),0.22,3,Trades Biome,[SPO] South Pacific Ocean (MRGID:1910),"[SPSG] South Pacific Subtropical Gyre Province, North and South (MRGID:21486)",TARA_B100000686,2011/08/01 17:52:00,-985,21.97372,35.877315,24.895825,5.9764,-0.00582,150,,158.18405,5.004597,0.000002277,0.02508309,0.054778114,6.231764158,,,77.0915184,0.000143744,0.0025,0.000925,,0.006175,0.002,,1.46875,0.6607,5.44175,1.18375,107,36,234,13,237,236,,,,,,,0.006075,0.001225,0.000925,0,0.013375,0,0.00555,0,-8.9109,-140.2845,0,winter,middle,-0.011503,0.053774,1.083333
OM-RGC.v2.009066319,Biota;,TARA_B100000683,1.67534E-08,100,290,HBD_Gamma_06 (Clade 2),-8.9068,-140.283,SRF,TARA_123,SRF,[0.22-3µm],-8.9068,-140.283,TARA_123,ERS492733,ERR599160,SAMEA2622710,SEQ-(10L-or-15min)_W0.22-3,SRF,[SRF] surface water layer (ENVO:00010504),0.22,3,Trades Biome,[SPO] South Pacific Ocean (MRGID:1910),"[SPSG] South Pacific Subtropical Gyre Province, North and South (MRGID:21486)",TARA_B100000683,2011/07/31 17:20:00,-966,26.586685,35.3551,23.11712,2.4728,0.0924,5,,189.6701,4.805128,0.000002277,0.02508309,0.054778114,6.231764158,4.91362,478.135,77.0915184,0.000143744,0.0023,0.0092,11.921045,0.01,0.0036,8.012428,0.14425,0.53495,4.9015,2.2205,122,14,134,14,606,278,,0.673503,,,,,0.0154,0.00605,0.0092,0.00155,0.03115,0.0008,0.01325,0,-8.9068,-140.283,0,winter,middle,-0.011503,0.053774,1.083333
OM-RGC.v2.009066319,Biota;,TARA_B100000676,3.12794E-08,100,290,HBD_Gamma_06 (Clade 2),-9.0714,-140.597,MIX,TARA_124,MIX,[0.22-3µm],-9.0714,-140.597,TARA_124,ERS492863,ERR599084|ERR598988|ERR599089|ERR599161,SAMEA2622796,SEQ-(10L-or-15min)_W0.22-3,MIX,[MIX] marine epipelagic wind mixed layer (ENVO:01000061),0.22,3,Trades Biome,[SPO] South Pacific Ocean (MRGID:1910),"[SPSG] South Pacific Subtropical Gyre Province, North and South (MRGID:21486)",TARA_B100000676,2011/08/05 17:31:00,-954,24.81397,35.907345,24.092785,46.8174,0.02364,120,0.00002,172.42475,4.148328,0.000002459,0.023188621,0.052577804,6.232079824,,,71.37910843,0.000164031,0.00585,0.00185,,0.00975,0,,0.3535,0.4885,1.19925,1.469,101,28,111,13,193,145,,,,,,,0.01025,0.00215,0.00185,0,0.01915,0,0.0175,0,-9.0714,-140.5973,0,winter,middle,0.000096,0.043603,2.777778
OM-RGC.v2.009066319,Biota;,TARA_B100000674,4.12804E-08,100,290,HBD_Gamma_06 (Clade 2),-9.1504,-140.522,SRF,TARA_124,SRF,[0.22-3µm],-9.1504,-140.522,TARA_124,ERS492814,ERR599080|ERR599151|ERR599036|ERR599069,SAMEA2622759,SEQ-(10L-or-15min)_W0.22-3,SRF,[SRF] surface water layer (ENVO:00010504),0.22,3,Trades Biome,[SPO] South Pacific Ocean (MRGID:1910),"[SPSG] South Pacific Subtropical Gyre Province, North and South (MRGID:21486)",TARA_B100000674,2011/08/04 18:33:00,-2640,26.572419,35.384031,23.143631,36.1359,0.1494,5,24.609687,190.378187,4.965553,0.000002459,0.023188621,0.052577804,6.232079824,,524.257,73.13096237,0.000165428,0.00937,0.01184,17.599899,0.01821,0.00774,7.870713,0.1665,0.63025,6.2015,2.53325,103,34,113,13,286,241,0.269235,0.68987,,,,,0.01686,0.00746,0.01184,0.00386,0.06849,0.00312,0.10181,0.00638,-9.1504,-140.5216,0,winter,middle,0.000096,0.043603,2.777778
OM-RGC.v2.009066319,Biota;,TARA_B100001123,1.25088E-07,100,290,HBD_Gamma_06 (Clade 2),-8.8999,-142.546,MIX,TARA_125,MIX,[0.22-3µm],-8.8999,-142.546,TARA_125,ERS492926,ERR599156,SAMEA2622837,SEQ-(10L-or-15min)_W0.22-3,MIX,[MIX] marine epipelagic wind mixed layer (ENVO:01000061),0.22,3,Trades Biome,[SPO] South Pacific Ocean (MRGID:1910),"[SPSG] South Pacific Subtropical Gyre Province, North and South (MRGID:21486)",TARA_B100001123,2011/08/09 17:05:00,-4371,23.681605,36.28145,24.715135,230.753,-0.00327,140,0.000059,160.81445,3.583718,0.000002359,0.01748565,0.02433348,6.146822453,,,55.34723282,8.75286E-05,0,0.0004,,0.0025,0,,0.05475,0.566,3.47525,1.24575,102,26,111,29,242,211,,,,,,,0.00145,0,0.0004,0,0.00415,0,0.0002,0,-8.8999,-142.5461,0,winter,middle,-0.004254,0.014455,0
OM-RGC.v2.009066319,Biota;,TARA_B100001121,2.62454E-08,100,290,HBD_Gamma_06 (Clade 2),-8.9111,-142.557,SRF,TARA_125,SRF,[0.22-3µm],-8.9111,-142.557,TARA_125,ERS492888,ERR599114|ERR599091|ERR599119|ERR599066,SAMEA2622817,SEQ-(10L-or-15min)_W0.22-3,SRF,[SRF] surface water layer (ENVO:00010504),0.22,3,Trades Biome,[SPO] South Pacific Ocean (MRGID:1910),"[SPSG] South Pacific Subtropical Gyre Province, North and South (MRGID:21486)",TARA_B100001121,2011/08/08 17:33:00,-4403,26.80604,35.42651,23.10143,227.3463,0.09801,5,,187.3321,5.460123,0.000002359,0.01748565,0.02433348,6.146822453,,433.979,55.34723282,8.75286E-05,0.0032,0.0029,11.793852,0.0077,0,8.015136,0.1945,0.55725,3.7335,1.80475,109,40,119,14,274,281,0.278453,0.607756,,,,,0.0101,0.0033,0.0029,0,0.0255,0,0.057,0.004,-8.9111,-142.5571,0,winter,middle,-0.004254,0.014455,0
OM-RGC.v2.009066319,Biota;,TARA_B100000614,1.54025E-08,100,290,HBD_Gamma_06 (Clade 2),0.0222,-153.686,DCM,TARA_128,DCM,[0.22-3µm],0.0222,-153.686,TARA_128,ERS493098,ERR599032,SAMEA2622923,SEQ-(100L)_W0.22-3,DCM,[DCM] deep chlorophyll maximum layer (ENVO:01000326),0.22,3,Trades Biome,[SPO] South Pacific Ocean (MRGID:1910),[PEOD] Pacific Equatorial Divergence Province (MRGID:21489),TARA_B100000614,2011/09/05 18:40:00,-4767,26.139288,35.146525,23.1032,444.7725,0.21615,40,,177.673063,3.000673,0.000003345,0.032420254,0.078800819,3.827482581,,483.8265,61.39165115,0.000255363,0.0036,0.0082,,0.0203,0,,0.2835,0.54925,5.264,2.7405,64,43,113,15,376,298,0.668404,0.732395,4723.258441,6.74178415,19859.1,0.732771488,0.0151,0.0062,0.0082,0,0.0463,0,0.0332,0.0022,0.0222,-153.6858,0,winter,late,0.069092,0.115437,0
OM-RGC.v2.009066319,Biota;,TARA_B100000609,1.11233E-08,100,290,HBD_Gamma_06 (Clade 2),0.0003,-153.676,SRF,TARA_128,SRF,[0.22-3µm],0.0003,-153.676,TARA_128,ERS493044,ERR599038,SAMEA2622901,SEQ-(100L)_W0.22-3,SRF,[SRF] surface water layer (ENVO:00010504),0.22,3,Trades Biome,[SPO] South Pacific Ocean (MRGID:1910),[PEOD] Pacific Equatorial Divergence Province (MRGID:21489),TARA_B100000609,2011/09/04 18:00:00,-4768,26.218438,35.129025,23.062688,449.3824,0.1431,5,29.350133,180.67375,2.964091,0.000003345,0.032420254,0.078800819,3.827482581,,483.8265,63.34038353,0.00025095,0.0015,0.0061,,0.0127,0,,0.2715,0.53975,5.0815,2.668,77,29,101,14,483,281,0.668404,0.732395,4616.80644,6.667961575,18139.8,0.732290598,0.0081,0.0038,0.0061,0,0.0257,0,0.0324,0.0029,0.0003,-153.6759,0,winter,late,0.069092,0.115437,0
OM-RGC.v2.009066319,Biota;,TARA_B100001250,8.03798E-09,100,290,HBD_Gamma_06 (Clade 2),31.5168,-159.046,DCM,TARA_132,DCM,[0.22-3µm],31.5168,-159.046,TARA_132,ERS493340,ERR598995,SAMEA2623079,SEQ-(100L)_W0.22-3,DCM,[DCM] deep chlorophyll maximum layer (ENVO:01000326),0.22,3,Westerlies Biome,[NPO] North Pacific Ocean (MRGID:1908),[NPST] North Pacific Subtropical and Polar Front Provinces (MRGID:21484),TARA_B100001250,2011/10/05 00:59:00,-5710,15.321075,34.39568,25.4389,972.1014,0.07992,115,0.006352,222.94125,0,0.00081438,0.022323498,0.023501203,0.001618445,,246.522,28.51713467,0.000150477,0.0055,0.0099,,0.041,0,,0.017,0.1252,0.047,4.4468,48,110,58,52,16,128,0.486663,0.607278,5351.604577,6.561389685,17993.8,0.727202007,0.024,0.0035,0.0099,0.0009,0.0512,0,0.0352,0,31.5168,-159.046,0,autumn,early,0.134524,0.043804,0
OM-RGC.v2.009066319,Biota;,TARA_B100001245,2.79106E-07,100,290,HBD_Gamma_06 (Clade 2),31.528,-159.022,MES,TARA_132,MES,[0.22-3µm],31.528,-159.022,TARA_132,ERS493372,ERR598980,SAMEA2623098,SEQ-(100L)_W0.22-3,MES,[MES] marine water layer (ENVO:01000295) within the mesopelagic zone (ENVO:00000213),0.22,3,Westerlies Biome,[NPO] North Pacific Ocean (MRGID:1908),[NPST] North Pacific Subtropical and Polar Front Provinces (MRGID:21484),TARA_B100001245,2011/10/05 20:45:00,-5529,6.634392,33.991383,26.6805,970.5554,-0.0024,550,0,131.979417,28.302949,0.00081438,0.022323498,0.023501203,0.001618445,,263.25375,28.31336403,0.000153814,0,0,,0,0,,,,,,47,113,56,56,646,137,0.486663,0.607278,6356.928968,6.831743729,19674.3,0.729293364,0,0,0,0,0,0,0,0,31.528,-159.0224,0,autumn,early,0.134524,0.043804,0
OM-RGC.v2.009066319,Biota;,TARA_B100001248,8.77337E-09,100,290,HBD_Gamma_06 (Clade 2),31.5213,-158.996,SRF,TARA_132,SRF,[0.22-3µm],31.5213,-158.996,TARA_132,ERS493300,ERR599142,SAMEA2623059,SEQ-(100L)_W0.22-3,SRF,[SRF] surface water layer (ENVO:00010504),0.22,3,Westerlies Biome,[NPO] North Pacific Ocean (MRGID:1908),[NPST] North Pacific Subtropical and Polar Front Provinces (MRGID:21484),TARA_B100001248,2011/10/04 17:46:00,-5550,25.164595,35.19025,23.434915,113.969,-0.00288,5,16.532129,197.7245,0,0.00081438,0.022323498,0.023501203,0.001618445,,263.25375,31.31380653,0.000155746,0,0.0024,,0.0035,0,,0.002,0.0062,0.01,2.4278,42,107,52,50,1026,1055,0.486663,0.607278,3275.053647,6.429348162,14422.3,0.740879025,0.0027,0.0015,0.0024,0,0.0101,0,0.0453,0,31.5213,-158.9958,0,autumn,early,0.134524,0.043804,0
OM-RGC.v2.009066319,Biota;,TARA_B100001971,7.34242E-09,100,290,HBD_Gamma_06 (Clade 2),14.2025,-116.643,MES,TARA_137,MES,[0.22-3µm],14.2025,-116.643,TARA_137,ERS493705,ERR599127|ERR599076|ERR599015|ERR599152,SAMEA2623314,SEQ-(10L-or-15min)_W0.22-3,MES,[MES] marine water layer (ENVO:01000295) within the mesopelagic zone (ENVO:00000213),0.22,3,Trades Biome,[NPO] North Pacific Ocean (MRGID:1908),[PNEC] North Pacific Equatorial Countercurrent Province (MRGID:21488),TARA_B100001971,2011/12/03 14:31:00,-4140,8.887131,34.5882,26.820475,508.0711,0,375,0,0.832313,35.049476,0.000004212,0.016200179,0.02376498,3.006373823,1.3698,452.195,67.85565948,0.000261073,0,0,,0,0,,0.0093,2.9545,34.551,46.6245,28,37,40,14,351,40,0.623359,0.561121,6924.430129,6.248980533,20605.8,0.730546934,0,0,0,0,0,0,0.0011,0,14.2025,-116.6433,0,autumn,late,0.075315,0.032361,0
OM-RGC.v2.009066319,Biota;,TARA_B100001996,6.51516E-08,100,290,HBD_Gamma_06 (Clade 2),6.3378,-102.954,DCM,TARA_138,DCM,[0.22-3µm],6.3378,-102.954,TARA_138,ERS493788,ERR599087,SAMEA2623370,SEQ-(10L-or-15min)_W0.22-3,DCM,[DCM] deep chlorophyll maximum layer (ENVO:01000326),0.22,3,Trades Biome,[NPO] North Pacific Ocean (MRGID:1908),[PNEC] North Pacific Equatorial Countercurrent Province (MRGID:21488),TARA_B100001996,2011/12/11 13:27:00,-3189,17.291965,34.664045,25.194555,820.0506,0.13926,60,,41.52515,25.65001,0.000004689,0.013172547,0.020416232,2.891272922,,282.98,,,0.0089,0.0132,,0.0475,0,,0.464,1.108,12.904,8.073,42,50,53,14,120,48,0.602965,0.433796,4312.041092,6.63935405,16960.1,0.731500451,0.0355,0.0135,0.0132,0.0018,0.0832,0.001,0.0529,0.0024,6.3378,-102.9538,0,autumn,late,-0.002795,0.020154,0
OM-RGC.v2.009066319,Biota;,TARA_B100002003,6.34895E-08,100,290,HBD_Gamma_06 (Clade 2),6.3559,-103.06,MES,TARA_138,MES,[0.22-3µm],6.3559,-103.06,TARA_138,ERS493822,ERR599060|ERR599175|ERR599004|ERR599051,SAMEA2623390,SEQ-(10L-or-15min)_W0.22-3,MES,[MES] marine water layer (ENVO:01000295) within the mesopelagic zone (ENVO:00000213),0.22,3,Trades Biome,[NPO] North Pacific Ocean (MRGID:1908),[PNEC] North Pacific Equatorial Countercurrent Province (MRGID:21488),TARA_B100002003,2011/12/11 20:37:00,-3241,8.149894,34.608919,26.951444,814.9045,0,450,,1.013313,36.753654,0.000004689,0.013172547,0.020416232,2.891272922,,277.87,,,0,0.0018,,0,0,,0.0078,3.155,36.219,52.9225,38,45,49,15,482,49,0.602965,0.433796,6404.034706,6.281538192,20553.2,0.734761859,0,0.001,0.0018,0,0,0,0.0014,0,6.3559,-103.0598,0,autumn,late,-0.002795,0.020154,0
OM-RGC.v2.009066319,Biota;,TARA_B100001540,3.19568E-09,100,290,HBD_Gamma_06 (Clade 2),34.6712,-71.3093,SRF,TARA_146,SRF,[0.22-3µm],34.6712,-71.3093,TARA_146,ERS494236,ERR598968,SAMEA2623673,SEQ-(100L)_W0.22-3,SRF,[SRF] surface water layer (ENVO:00010504),0.22,3,Westerlies Biome,[NAO] North Atlantic Ocean (MRGID:1912),[GFST] Gulf Stream Province (MRGID:21454),TARA_B100001540,2012/02/15 12:54:00,-4556,19.312775,36.513137,26.097587,353.0857,0.06129,5,,213.9635,1.279722,0.001105931,0.005640432,0.035152871,0.61873752,,383.248,,,,,11.093421,,,8.114037,0.2225,,0.7375,0.944,,26,218,956,623,220,0.517071,0.514298,4362.191251,6.547036832,15916.6,0.739121793,,,,,,,,,34.6712,-71.3093,0,winter,middle,-4.060752,0.04793,91
OM-RGC.v2.009046111,Biota;,TARA_B100000315,1.85288E-08,100,290,HBD_Gamma_09 (Clade 2),20.8457,63.5851,MES,TARA_037,MES,[0.22-3µm],20.8457,63.5851,TARA_037,ERS488769,ERR599062|ERR599031,SAMEA2619970,SEQ-(10L-or-15min)_W0.22-1.6,MES,[MES] marine water layer (ENVO:01000295) within the mesopelagic zone (ENVO:00000213),0.22,1.6,Coastal Biome,[IO] Indian Ocean (MRGID:1904),[ARAB] Northwest Arabian Sea Upwelling Province (MRGID:21475),TARA_B100000315,2010/03/12 17:08:00,-3391,11.984006,35.672725,27.130513,422.5596,0.00135,600,0,2.81625,31.290804,0.001387737,0.028889008,0.005607758,0.000920977,2.88692,1261.87,233.2970734,0.000445341,0,0,,0,0,,,,,,,49,30,13,587,95,,,,,,,0,0,0,0,0,0,0.0004,0.0002,20.8457,63.5851,0,winter,late,-0.087532,0.06187,0
OM-RGC.v2.009046111,Biota;,TARA_Y100000294,9.47148E-08,100,290,HBD_Gamma_09 (Clade 2),19.0351,64.5638,MES,TARA_038,MES,[0.22-3µm],19.0351,64.5638,TARA_038,ERS488854,,SAMEA2620040,SEQ-(dry)_W0.22-1.6,MES,[MES] marine water layer (ENVO:01000295) within the mesopelagic zone (ENVO:00000213),0.22,1.6,Trades Biome,[IO] Indian Ocean (MRGID:1904),[MONS] Indian Monsoon Gyres Province (MRGID:21471),TARA_Y100000294,2010/03/16 06:13:00,-3350,14.901445,36.014205,26.787485,579.3061,0.00036,340,0,2.9502,22.18992,0.001387726,0.030032598,0.004277769,0.001138785,4.33027,847.091,96.30652618,0.00021777,0,0,,0,0.0061,,0.691,2.639,23.43,38.94,18,27,114,14,475,109,0.542872,0.579343,,,,,0,0,0,0,0,0,0.0012,0.0006,19.0351,64.5638,0,winter,late,0.005785,0.069484,0
OM-RGC.v2.009046111,Biota;,TARA_B100000097,1.15828E-07,100,290,HBD_Gamma_09 (Clade 2),18.7341,66.3896,MES,TARA_039,MES,[0.22-3µm],18.7341,66.3896,TARA_039,ERS488936,ERR599172|ERR599037,SAMEA2620097,SEQ-(100L)_W0.22-1.6,MES,[MES] marine water layer (ENVO:01000295) within the mesopelagic zone (ENVO:00000213),0.22,1.6,Trades Biome,[IO] Indian Ocean (MRGID:1904),[MONS] Indian Monsoon Gyres Province (MRGID:21471),TARA_B100000097,2010/03/20 08:15:00,-3147,15.553795,35.907681,26.565675,462.0824,0.00144,270,0,3.12405,18.560166,0.00138772,0.0255102,0.004728645,0.003323513,1.99059,487.271,80.98583221,0.000207011,0,0,,0,0.0058,,2.074,2.64,21.22,38.62,14,34,3,16,486,125,0.386281,0.51759,,,,,0,0,0,0,0,0,0.0013,0,18.7341,66.3896,0,spring,early,0.403157,,2.25
OM-RGC.v2.009046111,Biota;,TARA_B100000287,3.99234E-07,100,290,HBD_Gamma_09 (Clade 2),14.5536,70.0128,DCM,TARA_041,DCM,[0.22-3µm],14.5536,70.0128,TARA_041,ERS489074,ERR598977|ERR599053,SAMEA2620217,SEQ-(10L-or-15min)_W0.22-1.6,DCM,[DCM] deep chlorophyll maximum layer (ENVO:01000326),0.22,1.6,Trades Biome,[IO] Indian Ocean (MRGID:1904),[MONS] Indian Monsoon Gyres Province (MRGID:21471),TARA_B100000287,2010/03/30 10:56:00,-3625,27.374181,36.503531,23.734719,245.2806,0.098025,60,0.606707,164.440063,0,0.001387699,0.020277846,0.004047238,0.004698874,,312.006,43.73920631,9.07193E-05,0.002,0.01485,,0.0249,0.00665,,0.2375,0.846,7.847,3.5765,25,57,29,33,404,67,0.21705,0.560517,,,,,0.0372,0.00715,0.01485,0.0043,0.0695,0,0.0423,0,14.5536,70.0128,0,spring,early,-0.412443,0.026178,19.027778
OM-RGC.v2.009046111,Biota;,TARA_B100000282,9.70628E-08,100,290,HBD_Gamma_09 (Clade 2),14.6059,69.9776,SRF,TARA_041,SRF,[0.22-3µm],14.6059,69.9776,TARA_041,ERS489043,ERR599011|ERR599074,SAMEA2620194,SEQ-(10L-or-15min)_W0.22-1.6,SRF,[SRF] surface water layer (ENVO:00010504),0.22,1.6,Trades Biome,[IO] Indian Ocean (MRGID:1904),[MONS] Indian Monsoon Gyres Province (MRGID:21471),TARA_B100000282,2010/03/30 02:47:00,-3640,29.151544,36.0499,22.799819,249.7827,0,5,34.540752,187.306625,0,0.001387699,0.020277846,0.004047238,0.004698874,,312.006,47.64060783,0.000157328,0,0.001,,0.00075,0,,0.007,0.1565,0.057,1.3865,25,66,79,24,450,74,0.21705,0.560517,,,,,0.0015,0,0.001,0,0.0056,0,0.07355,0,14.6059,69.9776,0,spring,early,-0.412443,0.026178,19.027778
OM-RGC.v2.009046111,Biota;,TARA_B100000123,1.5245E-08,100,290,HBD_Gamma_09 (Clade 2),6.0001,73.8955,SRF,TARA_042,SRF,[0.22-3µm],6.0001,73.8955,TARA_042,ERS489087,ERR599075|ERR599141,SAMEA2620230,SEQ-(100L)_W0.22-1.6,SRF,[SRF] surface water layer (ENVO:00010504),0.22,1.6,Trades Biome,[IO] Indian Ocean (MRGID:1904),[MONS] Indian Monsoon Gyres Province (MRGID:21471),TARA_B100000123,2010/04/04 02:47:00,-1828,30.12785,34.56775,21.358942,52.8424,0,5,,188.79575,0,0.001387698,0.015891551,0.010871042,0.004952658,,210.7695,,,0,0.00085,,0.00085,0,,0.001,0.0765,0.022,2.171,41,75,102,44,184,85,0.320439,0.690085,,,,,0.0008,0,0.00085,0,0.00335,0,0.06295,0,6.0001,73.8955,0,spring,early,0.15868,,8
OM-RGC.v2.009046111,Biota;,TARA_B100000214,1.59939E-08,100,290,HBD_Gamma_09 (Clade 2),-16.9534,53.9601,DCM,TARA_052,DCM,[0.22-3µm],-16.9534,53.9601,TARA_052,ERS489585,ERR599002|ERR599016,SAMEA2620570,SEQ-(10L-or-15min)_W0.22-1.6,DCM,[DCM] deep chlorophyll maximum layer (ENVO:01000326),0.22,1.6,Trades Biome,[IO] Indian Ocean (MRGID:1904),[ISSG] Indian South Subtropical Gyre Province (MRGID:21472),TARA_B100000214,2010/05/17 11:42:00,-4657,25.212642,34.896833,23.203642,412.5201,0.149,75,1.076232,194.81775,0.532471,0.001048266,0.01050256,0.005936726,0.006946565,0.79292,172.66325,39.10061264,0.000139624,0.0057,0.0091,,0.0296,0,,0.032,0.159,0.4675,2.824,63,68,73,448,170,166,0.306166,0.555372,,,,,0.0261,0.0064,0.0091,0,0.0645,0,0.0504,0,-16.9534,53.9601,0,autumn,middle,0.274476,0.074677,2.138889
OM-RGC.v2.009046111,Biota;,TARA_B100000212,6.47002E-09,100,290,HBD_Gamma_09 (Clade 2),-16.957,53.9801,SRF,TARA_052,SRF,[0.22-3µm],-16.957,53.9801,TARA_052,ERS489529,ERR599098|ERR599139,SAMEA2620542,SEQ-(10L-or-15min)_W0.22-1.6,SRF,[SRF] surface water layer (ENVO:00010504),0.22,1.6,Trades Biome,[IO] Indian Ocean (MRGID:1904),[ISSG] Indian South Subtropical Gyre Province (MRGID:21472),TARA_B100000212,2010/05/17 04:10:00,-4688,27.956483,34.54545,22.067625,409.6259,0.0332,5,30.189334,191.628083,0.532471,0.001048266,0.01050256,0.005936726,0.006946565,0.79622,172.66325,39.59863281,0.000134891,0,0.0022,33.461945,0.0061,0,7.612326,0,0.119,0,2.666,53,82,79,470,958,,0.306166,0.555372,3095.716572,6.256172187,14573.1,0.738694041,0.0053,0.0017,0.0022,0,0.02,0,0.0871,0,-16.957,53.9801,0,autumn,middle,0.274476,0.074677,2.138889
OM-RGC.v2.009046111,Biota;,TARA_B100000408,2.8994E-08,100,290,HBD_Gamma_09 (Clade 2),-29.5046,37.9599,MES,TARA_064,MES,[0.22-3µm],-29.5046,37.9599,TARA_064,ERS489987,ERR599164|ERR599021,SAMEA2620815,SEQ-(100L)_W0.22-3,MES,[MES] marine water layer (ENVO:01000295) within the mesopelagic zone (ENVO:00000213),0.22,3,Coastal Biome,[IO] Indian Ocean (MRGID:1904),[EAFR] Eastern Africa Coastal Province (MRGID:21473),TARA_B100000408,2010/07/07 12:13:00,-4940,7.552017,34.572658,27.0189,547.7305,0,1000,0,190.888667,,0.00080341,0.010198253,0.030657471,0.074760764,1.19559,552.457,64.70048141,0.000163628,,,,,,,,,,,125,55,185,733,171,,0.31965,0.714446,6277.084116,6.789891982,19650.8,0.726436041,,,,,,,,,-29.5046,37.9599,0,winter,early,0.676958,0.119044,0
OM-RGC.v2.009046111,Biota;,TARA_B000000441,1.2935E-09,100,290,HBD_Gamma_09 (Clade 2),-35.2421,26.3048,DCM,TARA_065,DCM,[0.22-3µm],-35.2421,26.3048,TARA_065,ERS490085,ERR598990|ERR599018|ERR599110,SAMEA2620890,SEQ-(100L)_W0.22-3,DCM,[DCM] deep chlorophyll maximum layer (ENVO:01000326),0.22,3,Coastal Biome,[IO] Indian Ocean (MRGID:1904),[EAFR] Eastern Africa Coastal Province (MRGID:21473),TARA_B000000441,2010/07/12 11:03:00,-4291,21.72823,35.451512,24.64465,91.3689,0.11241,30,0.043008,207.48285,,0.000760815,0.009926958,0.065700063,0.482149295,,621.475,80.35794067,0.000164711,,,,,,,,,,,66,27,,13,63,,0.134533,0.817359,,,,,,,,,,,,,-35.2421,26.3048,0,winter,early,4.780821,0.143321,0
OM-RGC.v2.009046111,Biota;,TARA_B000000460,4.57538E-08,100,290,HBD_Gamma_09 (Clade 2),-35.1889,26.2905,MES,TARA_065,MES,[0.22-3µm],-35.1889,26.2905,TARA_065,ERS490065,ERR598960|ERR599034,SAMEA2620882,SEQ-(100L)_W0.22-3,MES,[MES] marine water layer (ENVO:01000295) within the mesopelagic zone (ENVO:00000213),0.22,3,Coastal Biome,[IO] Indian Ocean (MRGID:1904),[EAFR] Eastern Africa Coastal Province (MRGID:21473),TARA_B000000460,2010/07/12 06:46:00,-4316,8.33035,34.630583,26.947583,85.2841,-0.0018,850,0,199.726,,0.000760815,0.009926958,0.065700063,0.482149295,,621.475,79.92088318,0.000164316,,,,,,,,,,,78,20,88,679,1186,,0.134533,0.817359,6265.395611,6.791873452,19527.4,0.729378736,,,,,,,,,-35.1889,26.2905,0,winter,early,4.780821,0.143321,0
OM-RGC.v2.009046111,Biota;,TARA_B100000470,8.94757E-09,100,290,HBD_Gamma_09 (Clade 2),-31.0198,4.6685,MES,TARA_068,MES,[0.22-3µm],-31.0198,4.6685,TARA_068,ERS490230,ERR598947|ERR599131,SAMEA2620995,SEQ-(100L)_W0.22-3,MES,[MES] marine water layer (ENVO:01000295) within the mesopelagic zone (ENVO:00000213),0.22,3,Trades Biome,[SAO] South Atlantic Ocean (MRGID:1914),[SATL] South Atlantic Gyral Province (MRGID:21459),TARA_B100000470,2010/09/13 13:02:00,-4894,7.32145,34.50494,26.992205,1122.2759,-0.00576,700,0,194.4342,24.232124,0.00036828,0.015807986,0.06059745,0.129485512,,435.877,55.70494843,9.54425E-05,0,0.0021,,0,0,,0.003,1.529,22.08,12.08,233,31,3,21,758,,0.530677,0.674945,5525.554522,6.922447734,17660.3,0.731320211,0,0,0.0021,0,0,0,0,0,-31.0198,4.6685,0,winter,late,0.069036,0.120437,6.388889
OM-RGC.v2.009046111,Biota;,TARA_B100000446,7.46024E-08,100,290,HBD_Gamma_09 (Clade 2),-20.4075,-3.1641,MES,TARA_070,MES,[0.22-3µm],-20.4075,-3.1641,TARA_070,ERS490373,ERR599044|ERR599149,SAMEA2621092,SEQ-(100L)_W0.22-3,MES,[MES] marine water layer (ENVO:01000295) within the mesopelagic zone (ENVO:00000213),0.22,3,Trades Biome,[SAO] South Atlantic Ocean (MRGID:1914),[SATL] South Atlantic Gyral Province (MRGID:21459),TARA_B100000446,2010/09/21 11:57:00,-4678,4.188237,34.446963,27.333325,558.1525,-0.00495,800,0,161.92525,36.675625,0.000787816,0.015283077,0.031308781,0.029039364,,475.34,59.29802513,0.000233392,,,,,,,0.01,2.522,36.73,44.86,146,42,156,15,219,,0.497782,0.556013,,,,,,,,,,,,,-20.4075,-3.1641,0,winter,late,0.009208,0.047133,0
OM-RGC.v2.009046111,Biota;,TARA_B100000427,6.53056E-08,100,290,HBD_Gamma_09 (Clade 2),-8.7296,-17.9604,DCM,TARA_072,DCM,[0.22-3µm],-8.7296,-17.9604,TARA_072,ERS490476,ERR599133|ERR599137,SAMEA2621155,SEQ-(100L)_W0.22-3,DCM,[DCM] deep chlorophyll maximum layer (ENVO:01000326),0.22,3,Trades Biome,[SAO] South Atlantic Ocean (MRGID:1914),[SATL] South Atlantic Gyral Province (MRGID:21459),TARA_B100000427,2010/10/05 15:35:00,-4008,23.630095,36.588225,24.96531,395.5741,0.16449,100,0.032923,190.5966,1.049606,0.001262169,0.011292624,0.018234891,0.036490005,,334.144,29.35335064,,0.0083,0.0086,,0.0616,0,,0.011,0.143,0.044,1.284,88,99,98,16,290,143,0.321126,0.715698,,,,,0.0325,0.0073,0.0086,0.0023,0.084,0,0.0827,0,-8.7296,-17.9604,0,spring,early,0.006396,0.087015,0
OM-RGC.v2.009046111,Biota;,TARA_B100000508,6.38141E-08,100,290,HBD_Gamma_09 (Clade 2),-8.7986,-17.9034,MES,TARA_072,MES,[0.22-3µm],-8.7986,-17.9034,TARA_072,ERS490507,ERR599005|ERR599048,SAMEA2621176,SEQ-(100L)_W0.22-3,MES,[MES] marine water layer (ENVO:01000295) within the mesopelagic zone (ENVO:00000213),0.22,3,Trades Biome,[SAO] South Atlantic Ocean (MRGID:1914),[SATL] South Atlantic Gyral Province (MRGID:21459),TARA_B100000508,2010/10/06 07:58:00,-4055,4.641719,34.476312,27.30785,396.7311,-0.00225,800,0,143.273625,37.560305,0.001262169,0.011292624,0.018234891,0.036490005,,322.113,32.02692795,,0,0,,0,0,,0.007,2.618,36.98,34.44,81,93,105,17,270,970,0.321126,0.715698,,,,,0,0,0,0,0,0,0,0,-8.7986,-17.9034,0,spring,early,0.006396,0.087015,0
OM-RGC.v2.009046111,Biota;,TARA_B100000424,1.8456E-08,100,290,HBD_Gamma_09 (Clade 2),-8.7789,-17.9099,SRF,TARA_072,SRF,[0.22-3µm],-8.7789,-17.9099,TARA_072,ERS490433,ERR598984|ERR599105,SAMEA2621132,SEQ-(100L)_W0.22-3,SRF,[SRF] surface water layer (ENVO:00010504),0.22,3,Trades Biome,[SAO] South Atlantic Ocean (MRGID:1914),[SATL] South Atlantic Gyral Province (MRGID:21459),TARA_B100000424,2010/10/05 08:00:00,-4046,25.064425,36.41678,24.393095,396.0494,0.00864,5,28.638751,199.135,0.416799,0.001262169,0.011292624,0.018234891,0.036490005,,322.113,32.02692795,,0,0.0018,11.00154,0.0038,0,8.06029,0.003,0.104,0.018,0.868,91,98,108,28,300,144,0.321126,0.715698,,,,,0.0021,0.0009,0.0018,0,0.0088,0,0.0557,0,-8.7789,-17.9099,0,spring,early,0.006396,0.087015,0
OM-RGC.v2.009046111,Biota;,TARA_B100000519,8.93919E-08,100,290,HBD_Gamma_09 (Clade 2),-21.0292,-35.3498,DCM,TARA_076,DCM,[0.22-3µm],-21.0292,-35.3498,TARA_076,ERS490597,ERR599040|ERR599148,SAMEA2621216,SEQ-(100L)_W0.22-3,DCM,[DCM] deep chlorophyll maximum layer (ENVO:01000326),0.22,3,Trades Biome,[SAO] South Atlantic Ocean (MRGID:1914),[SATL] South Atlantic Gyral Province (MRGID:21459),TARA_B100000519,2010/10/16 16:58:00,-4087,21.16596,36.61951,25.68731,30.3292,0.039,150,0.045726,200.32465,0.218613,0.000776878,0.011959192,0.013930039,0.013453111,,201.5375,24.42359638,7.08565E-05,0.0006,0.00245,,0.01715,0,,0.047654,0.051522,0,0.712116,51,139,202,28,176,205,0.337256,0.578854,,,,,0.0114,0.0008,0.00245,0.00085,0.0225,0,0.0108,0,-21.0292,-35.3498,0,spring,early,0.084131,0.027592,0
OM-RGC.v2.009046111,Biota;,TARA_B100000749,1.07348E-07,100,290,HBD_Gamma_09 (Clade 2),-20.9315,-35.1794,MES,TARA_076,MES,[0.22-3µm],-20.9315,-35.1794,TARA_076,ERS490633,ERR599154|ERR599000,SAMEA2621232,SEQ-(100L)_W0.22-3,MES,[MES] marine water layer (ENVO:01000295) within the mesopelagic zone (ENVO:00000213),0.22,3,Trades Biome,[SAO] South Atlantic Ocean (MRGID:1914),[SATL] South Atlantic Gyral Province (MRGID:21459),TARA_B100000749,2010/10/17 09:05:00,-3907,4.664275,34.369569,27.220344,36.257,-0.0063,800,0,191.413187,33.940795,0.000776878,0.011959192,0.013930039,0.013453111,,192.574,24.61178017,9.30798E-05,0,0,,0,0,,,,,,52,126,143,65,581,900,0.337256,0.578854,6449.138881,6.890998596,21377.9,0.731395365,0,0,0,0,0,0,0,0,-20.9315,-35.1794,0,spring,early,0.084131,0.027592,0
OM-RGC.v2.009046111,Biota;,TARA_B100000530,3.9785E-08,100,290,HBD_Gamma_09 (Clade 2),-30.1484,-43.2705,DCM,TARA_078,DCM,[0.22-3µm],-30.1484,-43.2705,TARA_078,ERS490691,ERR599101|ERR599046,SAMEA2621272,SEQ-(100L)_W0.22-3,DCM,[DCM] deep chlorophyll maximum layer (ENVO:01000326),0.22,3,Trades Biome,[SAO] South Atlantic Ocean (MRGID:1914),[SATL] South Atlantic Gyral Province (MRGID:21459),TARA_B100000530,2010/11/04 18:16:00,-3879,19.32335,36.27746,25.920365,564.404,0.08856,120,0.038677,216.6547,0.085111,0.000862562,0.017718557,0.012364627,0.001974124,,352.555,38.96880722,0.000203361,0.002,0.0064,,0.0343,0,,0.053,0,0.104,0.319,71,111,4,42,160,166,0.084879,0.65728,,,,,0.0231,0.0015,0.0064,0.0028,0.0362,0.0008,0.0146,0,-30.1484,-43.2705,0,spring,middle,0.053558,0.14819,5.777778
OM-RGC.v2.009046111,Biota;,TARA_B100000745,1.45143E-07,100,290,HBD_Gamma_09 (Clade 2),-30.1471,-43.2915,MES,TARA_078,MES,[0.22-3µm],-30.1471,-43.2915,TARA_078,ERS490714,ERR599124|ERR599159,SAMEA2621287,SEQ-(100L)_W0.22-3,MES,[MES] marine water layer (ENVO:01000295) within the mesopelagic zone (ENVO:00000213),0.22,3,Trades Biome,[SAO] South Atlantic Ocean (MRGID:1914),[SATL] South Atlantic Gyral Province (MRGID:21459),TARA_B100000745,2010/11/05 12:33:00,-3883,5.823213,34.355,27.076125,564.921,-0.0072,800,,215.95475,28.704078,0.000862562,0.017718557,0.012364627,0.001974124,,352.555,38.62805176,0.000196519,0,0,,0,0,,,,,,11,105,7,885,1116,1115,0.084879,0.65728,7167.611118,6.906904103,20751.3,0.721162719,0,0,0,0,0,0,0,0,-30.1471,-43.2915,0,spring,middle,0.053558,0.14819,5.777778
OM-RGC.v2.009046111,Biota;,TARA_B100000929,4.62567E-08,100,290,HBD_Gamma_09 (Clade 2),2.0649,-84.5546,MES,TARA_109,MES,[0.22-3µm],2.0649,-84.5546,TARA_109,ERS492205,ERR599067|ERR598971,SAMEA2622362,SEQ-(10L-or-15min)_W0.22-3,MES,[MES] marine water layer (ENVO:01000295) within the mesopelagic zone (ENVO:00000213),0.22,3,Coastal Biome,[NPO] North Pacific Ocean (MRGID:1908),[CHIL] Chile-Peru Current Coastal Province (MRGID:21495),TARA_B100000929,2011/05/13 16:08:00,-3257,11.142362,34.791419,26.595869,511.4309,0,380,,2.264562,33.049074,0.000004994,0.038657464,0.411641767,3.423354744,0.9906,471.9535,,,,,,,,,,,,,12,24,69,14,422,64,0.60986,0.500877,4998.544817,6.832154721,18991.5,0.740244987,,,,,,,,,2.0649,-84.5546,0,spring,middle,-0.002594,0.005026,2.083333
OM-RGC.v2.009046111,Biota;,TARA_B100001113,2.45789E-07,100,290,HBD_Gamma_09 (Clade 2),-1.9002,-84.6265,DCM,TARA_110,DCM,[0.22-3µm],-1.9002,-84.6265,TARA_110,ERS492264,ERR599014,SAMEA2622402,SEQ-(100L)_W0.22-3,DCM,[DCM] deep chlorophyll maximum layer (ENVO:01000326),0.22,3,Trades Biome,[SPO] South Pacific Ocean (MRGID:1910),"[SPSG] South Pacific Subtropical Gyre Province, North and South (MRGID:21486)",TARA_B100001113,2011/05/21 21:00:00,-2111,22.039785,35.112815,24.318245,407.3646,0.21402,50,0.112155,145.0818,10.202445,0.000005493,0.042527045,0.645360056,6.029548923,,642.094,68.13558197,0.000241573,0.005,0.0291,,0.0316,0,,0.414,0.9295,10.701,5.407,21,28,64,14,369,69,0.54627,0.713291,4206.588394,6.796421877,16528.4,0.740312164,0.0343,0.0099,0.0291,0,0.0751,0,0.0355,0.0012,-1.9002,-84.6265,0,autumn,late,0.032297,0.064745,0
OM-RGC.v2.009046111,Biota;,TARA_B100001079,9.65734E-09,100,290,HBD_Gamma_09 (Clade 2),-1.8902,-84.6141,MES,TARA_110,MES,[0.22-3µm],-1.8902,-84.6141,TARA_110,ERS492294,ERR599020,SAMEA2622429,SEQ-(100L)_W0.22-3,MES,[MES] marine water layer (ENVO:01000295) within the mesopelagic zone (ENVO:00000213),0.22,3,Trades Biome,[SPO] South Pacific Ocean (MRGID:1910),"[SPSG] South Pacific Subtropical Gyre Province, North and South (MRGID:21486)",TARA_B100001079,2011/05/22 13:20:00,-2279,10.082375,34.747805,26.748625,409.7887,0.00144,380,0,2.43975,26.734022,0.000005493,0.042527045,0.645360056,6.029548923,,634.104,69.31762314,0.000238122,,,,,,,,,,,33,38,68,13,373,75,0.54627,0.713291,5912.116367,7.181018104,19565.3,0.730786905,,,,,,,,,-1.8902,-84.6141,0,autumn,late,0.032297,0.064745,0
OM-RGC.v2.009046111,Biota;,TARA_B100000585,3.70416E-09,100,290,HBD_Gamma_09 (Clade 2),-16.9486,-100.672,MES,TARA_111,MES,[0.22-3µm],-16.9486,-100.672,TARA_111,ERS492380,,SAMEA2622498,SEQ-(100L)_W0.22-3,MES,[MES] marine water layer (ENVO:01000295) within the mesopelagic zone (ENVO:00000213),0.22,3,Trades Biome,[SPO] South Pacific Ocean (MRGID:1910),"[SPSG] South Pacific Subtropical Gyre Province, North and South (MRGID:21486)",TARA_B100000585,2011/06/01 16:00:00,-3902,10.69894,34.7072,26.609085,915.2628,0.00288,350,0,4.7047,29.923223,0.000003007,0.013075565,0.043491448,7.843671242,2.2664,357.4615,42.42976761,0.00022155,0,0,,0,0,,,,,,75,82,85,13,327,261,0.599757,0.463204,4822.559469,6.674822174,17558,0.73063419,0,0,0,0,0,0,0,0,-16.9486,-100.6715,0,autumn,late,-0.075767,0.018781,34.305556
OM-RGC.v2.009046111,Biota;,TARA_B100000578,4.92442E-09,100,290,HBD_Gamma_09 (Clade 2),-16.9601,-100.633,SRF,TARA_111,SRF,[0.22-3µm],-16.9601,-100.633,TARA_111,ERS492318,,SAMEA2622449,SEQ-(100L)_W0.22-3,SRF,[SRF] surface water layer (ENVO:00010504),0.22,3,Trades Biome,[SPO] South Pacific Ocean (MRGID:1910),"[SPSG] South Pacific Subtropical Gyre Province, North and South (MRGID:21486)",TARA_B100000578,2011/05/31 14:25:00,-4043,22.78183,35.98269,24.742485,1067.5202,0.0408,5,15.111047,209.1003,3.149999,0.000003007,0.013075565,0.043491448,7.843671242,0.8502,374.2405,43.12891006,0.000225242,0,0.0027,12.099805,0.0041,0,8.049736,0.0415,0.5,2.676,1.0325,73,85,83,30,332,260,0.599757,0.463204,3596.851063,6.628351803,14493.5,0.744136035,0.0044,0.0031,0.0027,0,0.0134,0,0.0287,0.0011,-16.9601,-100.6335,0,autumn,late,-0.075767,0.018781,34.305556
OM-RGC.v2.009046111,Biota;,TARA_B100000949,1.288E-08,100,290,HBD_Gamma_09 (Clade 2),-23.2232,-129.599,MES,TARA_112,MES,[0.22-3µm],-23.2232,-129.599,TARA_112,ERS492471,ERR599072,SAMEA2622568,SEQ-(100L)_W0.22-3,MES,[MES] marine water layer (ENVO:01000295) within the mesopelagic zone (ENVO:00000213),0.22,3,Trades Biome,[SPO] South Pacific Ocean (MRGID:1910),"[SPSG] South Pacific Subtropical Gyre Province, North and South (MRGID:21486)",TARA_B100000949,2011/06/15 18:43:00,-3641,5.749106,34.306075,27.043012,145.015,-0.0072,696,0,200.470625,28.329562,0.000157501,0.00623687,0.017828043,0.022861806,0.86844,121.756,23.21505642,0.000116093,0,0,,0,0,,,,,,140,160,150,153,549,398,0.441733,0.155786,6787.964777,6.721536169,20947.6,0.734353159,0,0,0,0,0,0,0,0,-23.2232,-129.5986,0,autumn,late,-0.120564,0.040113,11.083333
OM-RGC.v2.009046111,Biota;,TARA_B100000941,7.89909E-09,100,290,HBD_Gamma_09 (Clade 2),-23.2811,-129.395,SRF,TARA_112,SRF,[0.22-3µm],-23.2811,-129.395,TARA_112,ERS492408,ERR598954,SAMEA2622518,SEQ-(100L)_W0.22-3,SRF,[SRF] surface water layer (ENVO:00010504),0.22,3,Trades Biome,[SPO] South Pacific Ocean (MRGID:1910),"[SPSG] South Pacific Subtropical Gyre Province, North and South (MRGID:21486)",TARA_B100000941,2011/06/14 16:45:00,-3523,24.26287,36.43917,24.65312,653.4677,0,5,7.292033,201.6702,0.167491,0.000157501,0.00623687,0.017828043,0.022861806,0.87312,119.018,22.58493233,0.000118293,0,0,22.327772,0.0018,0,7.793725,0.0075,0.14225,0.02525,0.7425,134,163,142,141,1019,433,0.441733,0.155786,4080.856211,6.520954544,16501.9,0.733239582,0,0,0,0,0.0041,0,0.02285,0,-23.2811,-129.3947,0,autumn,late,-0.120564,0.040113,11.083333
OM-RGC.v2.009046111,Biota;,TARA_B100000700,1.00253E-08,100,290,HBD_Gamma_09 (Clade 2),-9.0063,-139.139,DCM,TARA_122,DCM,[0.22-3µm],-9.0063,-139.139,TARA_122,ERS492699,ERR598948,SAMEA2622690,SEQ-(10L-or-15min)_W0.22-3,DCM,[DCM] deep chlorophyll maximum layer (ENVO:01000326),0.22,3,Trades Biome,[SPO] South Pacific Ocean (MRGID:1910),"[SPSG] South Pacific Subtropical Gyre Province, North and South (MRGID:21486)",TARA_B100000700,2011/07/28 17:15:00,-3695,24.661385,36.101175,24.2843,29.6602,0.11844,115,0.009886,178.3692,3.213808,0.000002316,0.030111594,0.087558472,6.207147837,3.24993,300.345,43.59589767,0.000110317,0.0093,0.0028,,0.0107,0,,0.092792,0.582933,2.67775,1.907042,101,102,109,15,186,131,0.260512,0.561525,,,,,0.0144,0.0051,0.0028,0,0.0246,0,0.03415,0,-9.0063,-139.1394,0,winter,middle,0.007751,0.028977,15.833333
OM-RGC.v2.009046111,Biota;,TARA_B100000678,1.00919E-07,100,290,HBD_Gamma_09 (Clade 2),-8.9729,-139.239,MES,TARA_122,MES,[0.22-3µm],-8.9729,-139.239,TARA_122,ERS492680,ERR598999|ERR599096|ERR599033|ERR599083,SAMEA2622673,SEQ-(10L-or-15min)_W0.22-3,MES,[MES] marine water layer (ENVO:01000295) within the mesopelagic zone (ENVO:00000213),0.22,3,Trades Biome,[SPO] South Pacific Ocean (MRGID:1910),"[SPSG] South Pacific Subtropical Gyre Province, North and South (MRGID:21486)",TARA_B100000678,2011/07/27 19:28:00,-3328,7.133995,34.5789,27.07634,33.3605,-0.00144,600,0,40.6107,41.697487,0.000002316,0.030111594,0.087558472,6.207147837,,300.345,42.27088737,0.000125267,,,,,,,,,,,98,103,107,13,255,209,0.260512,0.561525,,,,,,,,,,,,,-8.9729,-139.2393,0,winter,middle,0.007751,0.028977,15.833333
OM-RGC.v2.009046111,Biota;,TARA_B100000686,4.80081E-08,100,290,HBD_Gamma_09 (Clade 2),-8.9109,-140.285,MIX,TARA_123,MIX,[0.22-3µm],-8.9109,-140.285,TARA_123,ERS492778,ERR598998|ERR598956|ERR599117|ERR599157,SAMEA2622733,SEQ-(10L-or-15min)_W0.22-3,MIX,[MIX] marine epipelagic wind mixed layer (ENVO:01000061),0.22,3,Trades Biome,[SPO] South Pacific Ocean (MRGID:1910),"[SPSG] South Pacific Subtropical Gyre Province, North and South (MRGID:21486)",TARA_B100000686,2011/08/01 17:52:00,-985,21.97372,35.877315,24.895825,5.9764,-0.00582,150,,158.18405,5.004597,0.000002277,0.02508309,0.054778114,6.231764158,,,77.0915184,0.000143744,0.0025,0.000925,,0.006175,0.002,,1.46875,0.6607,5.44175,1.18375,107,36,234,13,237,236,,,,,,,0.006075,0.001225,0.000925,0,0.013375,0,0.00555,0,-8.9109,-140.2845,0,winter,middle,-0.011503,0.053774,1.083333
OM-RGC.v2.009046111,Biota;,TARA_B100000676,7.79005E-09,100,290,HBD_Gamma_09 (Clade 2),-9.0714,-140.597,MIX,TARA_124,MIX,[0.22-3µm],-9.0714,-140.597,TARA_124,ERS492863,ERR599084|ERR598988|ERR599089|ERR599161,SAMEA2622796,SEQ-(10L-or-15min)_W0.22-3,MIX,[MIX] marine epipelagic wind mixed layer (ENVO:01000061),0.22,3,Trades Biome,[SPO] South Pacific Ocean (MRGID:1910),"[SPSG] South Pacific Subtropical Gyre Province, North and South (MRGID:21486)",TARA_B100000676,2011/08/05 17:31:00,-954,24.81397,35.907345,24.092785,46.8174,0.02364,120,0.00002,172.42475,4.148328,0.000002459,0.023188621,0.052577804,6.232079824,,,71.37910843,0.000164031,0.00585,0.00185,,0.00975,0,,0.3535,0.4885,1.19925,1.469,101,28,111,13,193,145,,,,,,,0.01025,0.00215,0.00185,0,0.01915,0,0.0175,0,-9.0714,-140.5973,0,winter,middle,0.000096,0.043603,2.777778
OM-RGC.v2.009046111,Biota;,TARA_B100001123,1.39911E-07,100,290,HBD_Gamma_09 (Clade 2),-8.8999,-142.546,MIX,TARA_125,MIX,[0.22-3µm],-8.8999,-142.546,TARA_125,ERS492926,ERR599156,SAMEA2622837,SEQ-(10L-or-15min)_W0.22-3,MIX,[MIX] marine epipelagic wind mixed layer (ENVO:01000061),0.22,3,Trades Biome,[SPO] South Pacific Ocean (MRGID:1910),"[SPSG] South Pacific Subtropical Gyre Province, North and South (MRGID:21486)",TARA_B100001123,2011/08/09 17:05:00,-4371,23.681605,36.28145,24.715135,230.753,-0.00327,140,0.000059,160.81445,3.583718,0.000002359,0.01748565,0.02433348,6.146822453,,,55.34723282,8.75286E-05,0,0.0004,,0.0025,0,,0.05475,0.566,3.47525,1.24575,102,26,111,29,242,211,,,,,,,0.00145,0,0.0004,0,0.00415,0,0.0002,0,-8.8999,-142.5461,0,winter,middle,-0.004254,0.014455,0
OM-RGC.v2.009046111,Biota;,TARA_B100001250,3.57608E-08,100,290,HBD_Gamma_09 (Clade 2),31.5168,-159.046,DCM,TARA_132,DCM,[0.22-3µm],31.5168,-159.046,TARA_132,ERS493340,ERR598995,SAMEA2623079,SEQ-(100L)_W0.22-3,DCM,[DCM] deep chlorophyll maximum layer (ENVO:01000326),0.22,3,Westerlies Biome,[NPO] North Pacific Ocean (MRGID:1908),[NPST] North Pacific Subtropical and Polar Front Provinces (MRGID:21484),TARA_B100001250,2011/10/05 00:59:00,-5710,15.321075,34.39568,25.4389,972.1014,0.07992,115,0.006352,222.94125,0,0.00081438,0.022323498,0.023501203,0.001618445,,246.522,28.51713467,0.000150477,0.0055,0.0099,,0.041,0,,0.017,0.1252,0.047,4.4468,48,110,58,52,16,128,0.486663,0.607278,5351.604577,6.561389685,17993.8,0.727202007,0.024,0.0035,0.0099,0.0009,0.0512,0,0.0352,0,31.5168,-159.046,0,autumn,early,0.134524,0.043804,0
OM-RGC.v2.009046111,Biota;,TARA_B100001245,7.59317E-08,100,290,HBD_Gamma_09 (Clade 2),31.528,-159.022,MES,TARA_132,MES,[0.22-3µm],31.528,-159.022,TARA_132,ERS493372,ERR598980,SAMEA2623098,SEQ-(100L)_W0.22-3,MES,[MES] marine water layer (ENVO:01000295) within the mesopelagic zone (ENVO:00000213),0.22,3,Westerlies Biome,[NPO] North Pacific Ocean (MRGID:1908),[NPST] North Pacific Subtropical and Polar Front Provinces (MRGID:21484),TARA_B100001245,2011/10/05 20:45:00,-5529,6.634392,33.991383,26.6805,970.5554,-0.0024,550,0,131.979417,28.302949,0.00081438,0.022323498,0.023501203,0.001618445,,263.25375,28.31336403,0.000153814,0,0,,0,0,,,,,,47,113,56,56,646,137,0.486663,0.607278,6356.928968,6.831743729,19674.3,0.729293364,0,0,0,0,0,0,0,0,31.528,-159.0224,0,autumn,early,0.134524,0.043804,0
OM-RGC.v2.009046111,Biota;,TARA_B100001105,6.44655E-08,100,290,HBD_Gamma_09 (Clade 2),35.2698,-127.727,MES,TARA_133,MES,[0.22-3µm],35.2698,-127.727,TARA_133,ERS493460,ERR599115,SAMEA2623155,SEQ-(100L)_W0.22-3,MES,[MES] marine water layer (ENVO:01000295) within the mesopelagic zone (ENVO:00000213),0.22,3,Westerlies Biome,[NPO] North Pacific Ocean (MRGID:1908),[NPST] North Pacific Subtropical and Polar Front Provinces (MRGID:21484),TARA_B100001105,2011/10/19 19:27:00,-4691,4.918875,34.333562,27.162231,522.5004,-0.0045,650,0,9.46475,43.553981,0.000164224,0.019672674,0.010027013,0.004801808,,644.261,65.03458405,0.000298098,0,0,,0,0,,,,,,13,38,42,33,656,49,0.637497,0.44712,7460.331781,6.975785811,21207.9,0.719530468,0,0,0,0,0,0,0.0002,0,35.2698,-127.7268,0,autumn,early,-0.465615,0.043359,41.555556
OM-RGC.v2.009046111,Biota;,TARA_B100001964,5.00474E-08,100,290,HBD_Gamma_09 (Clade 2),14.2075,-116.647,DCM,TARA_137,DCM,[0.22-3µm],14.2075,-116.647,TARA_137,ERS493670,ERR598987|ERR599099|ERR599070|ERR599147,SAMEA2623295,SEQ-(10L-or-15min)_W0.22-3,DCM,[DCM] deep chlorophyll maximum layer (ENVO:01000326),0.22,3,Trades Biome,[NPO] North Pacific Ocean (MRGID:1908),[PNEC] North Pacific Equatorial Countercurrent Province (MRGID:21488),TARA_B100001964,2011/12/02 20:42:00,-4118,20.58574,34.366025,24.14088,505.4989,0.33414,40,0.645405,123.201,7.312792,0.000004212,0.016200179,0.02376498,3.006373823,1.7042,452.195,62.97020531,0.000252071,0.0238,0.0228,,0.0606,0,,0.3055,0.884,6.0475,4.661,28,34,39,16,206,39,0.623359,0.561121,4996.589383,6.084460282,17574.3,0.737769447,0.0553,0.0197,0.0228,0.0051,0.1557,0.0025,0.1106,0.0088,14.2075,-116.6468,0,autumn,late,0.075315,0.032361,0
OM-RGC.v2.009046111,Biota;,TARA_B100001971,3.92554E-07,100,290,HBD_Gamma_09 (Clade 2),14.2025,-116.643,MES,TARA_137,MES,[0.22-3µm],14.2025,-116.643,TARA_137,ERS493705,ERR599127|ERR599076|ERR599015|ERR599152,SAMEA2623314,SEQ-(10L-or-15min)_W0.22-3,MES,[MES] marine water layer (ENVO:01000295) within the mesopelagic zone (ENVO:00000213),0.22,3,Trades Biome,[NPO] North Pacific Ocean (MRGID:1908),[PNEC] North Pacific Equatorial Countercurrent Province (MRGID:21488),TARA_B100001971,2011/12/03 14:31:00,-4140,8.887131,34.5882,26.820475,508.0711,0,375,0,0.832313,35.049476,0.000004212,0.016200179,0.02376498,3.006373823,1.3698,452.195,67.85565948,0.000261073,0,0,,0,0,,0.0093,2.9545,34.551,46.6245,28,37,40,14,351,40,0.623359,0.561121,6924.430129,6.248980533,20605.8,0.730546934,0,0,0,0,0,0,0.0011,0,14.2025,-116.6433,0,autumn,late,0.075315,0.032361,0
OM-RGC.v2.009046111,Biota;,TARA_B100001996,4.63597E-07,100,290,HBD_Gamma_09 (Clade 2),6.3378,-102.954,DCM,TARA_138,DCM,[0.22-3µm],6.3378,-102.954,TARA_138,ERS493788,ERR599087,SAMEA2623370,SEQ-(10L-or-15min)_W0.22-3,DCM,[DCM] deep chlorophyll maximum layer (ENVO:01000326),0.22,3,Trades Biome,[NPO] North Pacific Ocean (MRGID:1908),[PNEC] North Pacific Equatorial Countercurrent Province (MRGID:21488),TARA_B100001996,2011/12/11 13:27:00,-3189,17.291965,34.664045,25.194555,820.0506,0.13926,60,,41.52515,25.65001,0.000004689,0.013172547,0.020416232,2.891272922,,282.98,,,0.0089,0.0132,,0.0475,0,,0.464,1.108,12.904,8.073,42,50,53,14,120,48,0.602965,0.433796,4312.041092,6.63935405,16960.1,0.731500451,0.0355,0.0135,0.0132,0.0018,0.0832,0.001,0.0529,0.0024,6.3378,-102.9538,0,autumn,late,-0.002795,0.020154,0
OM-RGC.v2.009046111,Biota;,TARA_B100002003,4.38828E-07,100,290,HBD_Gamma_09 (Clade 2),6.3559,-103.06,MES,TARA_138,MES,[0.22-3µm],6.3559,-103.06,TARA_138,ERS493822,ERR599060|ERR599175|ERR599004|ERR599051,SAMEA2623390,SEQ-(10L-or-15min)_W0.22-3,MES,[MES] marine water layer (ENVO:01000295) within the mesopelagic zone (ENVO:00000213),0.22,3,Trades Biome,[NPO] North Pacific Ocean (MRGID:1908),[PNEC] North Pacific Equatorial Countercurrent Province (MRGID:21488),TARA_B100002003,2011/12/11 20:37:00,-3241,8.149894,34.608919,26.951444,814.9045,0,450,,1.013313,36.753654,0.000004689,0.013172547,0.020416232,2.891272922,,277.87,,,0,0.0018,,0,0,,0.0078,3.155,36.219,52.9225,38,45,49,15,482,49,0.602965,0.433796,6404.034706,6.281538192,20553.2,0.734761859,0,0.001,0.0018,0,0,0,0.0014,0,6.3559,-103.0598,0,autumn,late,-0.002795,0.020154,0
OM-RGC.v2.009046111,Biota;,TARA_B100001989,1.97305E-08,100,290,HBD_Gamma_09 (Clade 2),6.3332,-102.943,SRF,TARA_138,SRF,[0.22-3µm],6.3332,-102.943,TARA_138,ERS493752,ERR599030,SAMEA2623350,SEQ-(10L-or-15min)_W0.22-3,SRF,[SRF] surface water layer (ENVO:00010504),0.22,3,Trades Biome,[NPO] North Pacific Ocean (MRGID:1908),[PNEC] North Pacific Equatorial Countercurrent Province (MRGID:21488),TARA_B100001989,2011/12/10 14:08:00,-3169,26.605515,33.52041,21.72899,10.2085,0.00588,5,,196.2029,0.803918,0.000004689,0.013172547,0.020416232,2.891272922,2.25678,281.582,,,0,0.0032,9.803891,0.0059,0,8.070004,0.003,0.1575,0.002,1.1855,45,55,57,13,483,64,0.602965,0.433796,4305.503877,6.507542471,17717.1,0.727668896,0.0052,0.003,0.0032,0,0.0213,0,0.0783,0,6.3332,-102.9432,0,autumn,late,-0.002795,0.020154,0
OM-RGC.v2.009046111,Biota;,TARA_B100002019,7.6751E-08,100,290,HBD_Gamma_09 (Clade 2),7.4122,-79.3017,SRF,TARA_140,SRF,[0.22-3µm],7.4122,-79.3017,TARA_140,ERS493877,ERR599162,SAMEA2623426,SEQ-(100L)_W0.22-3,SRF,[SRF] surface water layer (ENVO:00010504),0.22,3,Coastal Biome,[NPO] North Pacific Ocean (MRGID:1908),[CAMR] Central American Coastal Province (MRGID:21494),TARA_B100002019,2011/12/21 16:20:00,-2982,26.555663,28.922675,18.28625,490.8533,0.0186,5,23.370476,205.411,0,0.000034839,0.017845567,0.015867431,1.657347609,,456.336,70.19355392,0.000346121,0.0037,0.04365,9.035155,0.01655,0,8.078013,0.0043,0.09345,0.00275,0.63375,26,23,42,14,360,52,0.525841,0.635134,4459.027048,6.725136374,17613.7,0.735385736,0.0148,0.0149,0.04365,0.00445,0.04335,0.00165,0.16525,0.0029,7.4122,-79.3017,0,autumn,late,0.254223,0,2
OM-RGC.v2.009046111,Biota;,TARA_B100002049,3.39108E-08,100,290,HBD_Gamma_09 (Clade 2),25.6236,-88.45,MES,TARA_142,MES,[0.22-3µm],25.6236,-88.45,TARA_142,ERS494006,ERR598985,SAMEA2623513,SEQ-(100L)_W0.22-3,MES,[MES] marine water layer (ENVO:01000295) within the mesopelagic zone (ENVO:00000213),0.22,3,Coastal Biome,[NAO] North Atlantic Ocean (MRGID:1912),[CARB] Caribbean Province (MRGID:21466),TARA_B100002049,2012/01/10 14:49:00,-3257,9.735075,35.165212,27.13905,374.3394,-0.0009,640,0,108.231313,31.001404,0.00116825,0.009340256,0.04348362,0.254889735,,353.047,53.37124062,9.60987E-05,0,0,,0,0,,0,1.2175,,8.624,147,33,156,14,654,740,0.644225,0.691085,5980.493828,6.844384602,20525.4,0.738370666,0,0,0,0,0,0,0.0005,0,25.6236,-88.45,0,winter,early,-2.922481,0.044572,25.75
OM-RGC.v2.009046111,Biota;,TARA_B100001778,1.14373E-07,100,290,HBD_Gamma_09 (Clade 2),35.8427,-37.1526,DCM,TARA_150,DCM,[0.22-3µm],35.8427,-37.1526,TARA_150,ERS494488,ERR598996,SAMEA2623826,SEQ-(100L)_W0.22-3,DCM,[DCM] deep chlorophyll maximum layer (ENVO:01000326),0.22,3,Westerlies Biome,[NAO] North Atlantic Ocean (MRGID:1912),[NAST-W] North Atlantic Subtropical Gyral Province (MRGID:21455),TARA_B100001778,2012/03/05 17:34:00,-2747,17.585567,36.285033,26.360683,652.944,0.1418,40,0.66443,229.097917,0.61356,0.001100777,0.013435967,0.023812729,0.096477222,,550.112,69.93914032,0.000247072,,,,,,,0.04,0,0.1745,0.8423,61,48,105,13,547,129,0.243874,0.619626,4224.929725,6.754542143,17443.7,0.738848782,,,,,,,,,35.8427,-37.1526,0,winter,late,-0.032539,0.073051,1.388889
OM-RGC.v2.009008712,Biota;,TARA_B100000287,6.54431E-09,100,291,HBD_Gamma_04 (Clade 3),14.5536,70.0128,DCM,TARA_041,DCM,[0.22-3µm],14.5536,70.0128,TARA_041,ERS489074,ERR598977|ERR599053,SAMEA2620217,SEQ-(10L-or-15min)_W0.22-1.6,DCM,[DCM] deep chlorophyll maximum layer (ENVO:01000326),0.22,1.6,Trades Biome,[IO] Indian Ocean (MRGID:1904),[MONS] Indian Monsoon Gyres Province (MRGID:21471),TARA_B100000287,2010/03/30 10:56:00,-3625,27.374181,36.503531,23.734719,245.2806,0.098025,60,0.606707,164.440063,0,0.001387699,0.020277846,0.004047238,0.004698874,,312.006,43.73920631,9.07193E-05,0.002,0.01485,,0.0249,0.00665,,0.2375,0.846,7.847,3.5765,25,57,29,33,404,67,0.21705,0.560517,,,,,0.0372,0.00715,0.01485,0.0043,0.0695,0,0.0423,0,14.5536,70.0128,0,spring,early,-0.412443,0.026178,19.027778
OM-RGC.v2.009008712,Biota;,TARA_B100000378,1.01574E-07,100,291,HBD_Gamma_04 (Clade 3),-15.3379,43.2948,MES,TARA_056,MES,[0.22-3µm],-15.3379,43.2948,TARA_056,ERS489727,ERR599112,SAMEA2620666,SEQ-(100L)_W0.22-3,MES,[MES] marine water layer (ENVO:01000295) within the mesopelagic zone (ENVO:00000213),0.22,3,Coastal Biome,[IO] Indian Ocean (MRGID:1904),[EAFR] Eastern Africa Coastal Province (MRGID:21473),TARA_B100000378,2010/06/26 07:12:00,-3368,6.195775,34.8293,27.4047,102.9245,0,1000,0,88.88975,,0.001008999,0.011774442,0.005387648,0.010581372,0.7966,286.329,43.84181976,9.52729E-05,,,,,,,,,,,82,85,93,22,985,,,,6418.191431,6.934209534,20379.9,0.7427029,,,,,,,,,-15.3379,43.2948,0,winter,early,0.887425,,1.25
OM-RGC.v2.009008712,Biota;,TARA_B100000408,2.57039E-08,100,291,HBD_Gamma_04 (Clade 3),-29.5046,37.9599,MES,TARA_064,MES,[0.22-3µm],-29.5046,37.9599,TARA_064,ERS489987,ERR599164|ERR599021,SAMEA2620815,SEQ-(100L)_W0.22-3,MES,[MES] marine water layer (ENVO:01000295) within the mesopelagic zone (ENVO:00000213),0.22,3,Coastal Biome,[IO] Indian Ocean (MRGID:1904),[EAFR] Eastern Africa Coastal Province (MRGID:21473),TARA_B100000408,2010/07/07 12:13:00,-4940,7.552017,34.572658,27.0189,547.7305,0,1000,0,190.888667,,0.00080341,0.010198253,0.030657471,0.074760764,1.19559,552.457,64.70048141,0.000163628,,,,,,,,,,,125,55,185,733,171,,0.31965,0.714446,6277.084116,6.789891982,19650.8,0.726436041,,,,,,,,,-29.5046,37.9599,0,winter,early,0.676958,0.119044,0
OM-RGC.v2.009008712,Biota;,TARA_B000000441,3.7591E-08,100,291,HBD_Gamma_04 (Clade 3),-35.2421,26.3048,DCM,TARA_065,DCM,[0.22-3µm],-35.2421,26.3048,TARA_065,ERS490085,ERR598990|ERR599018|ERR599110,SAMEA2620890,SEQ-(100L)_W0.22-3,DCM,[DCM] deep chlorophyll maximum layer (ENVO:01000326),0.22,3,Coastal Biome,[IO] Indian Ocean (MRGID:1904),[EAFR] Eastern Africa Coastal Province (MRGID:21473),TARA_B000000441,2010/07/12 11:03:00,-4291,21.72823,35.451512,24.64465,91.3689,0.11241,30,0.043008,207.48285,,0.000760815,0.009926958,0.065700063,0.482149295,,621.475,80.35794067,0.000164711,,,,,,,,,,,66,27,,13,63,,0.134533,0.817359,,,,,,,,,,,,,-35.2421,26.3048,0,winter,early,4.780821,0.143321,0
OM-RGC.v2.009008712,Biota;,TARA_B000000460,2.58618E-08,100,291,HBD_Gamma_04 (Clade 3),-35.1889,26.2905,MES,TARA_065,MES,[0.22-3µm],-35.1889,26.2905,TARA_065,ERS490065,ERR598960|ERR599034,SAMEA2620882,SEQ-(100L)_W0.22-3,MES,[MES] marine water layer (ENVO:01000295) within the mesopelagic zone (ENVO:00000213),0.22,3,Coastal Biome,[IO] Indian Ocean (MRGID:1904),[EAFR] Eastern Africa Coastal Province (MRGID:21473),TARA_B000000460,2010/07/12 06:46:00,-4316,8.33035,34.630583,26.947583,85.2841,-0.0018,850,0,199.726,,0.000760815,0.009926958,0.065700063,0.482149295,,621.475,79.92088318,0.000164316,,,,,,,,,,,78,20,88,679,1186,,0.134533,0.817359,6265.395611,6.791873452,19527.4,0.729378736,,,,,,,,,-35.1889,26.2905,0,winter,early,4.780821,0.143321,0
OM-RGC.v2.009008712,Biota;,TARA_B100000678,5.10533E-08,100,291,HBD_Gamma_04 (Clade 3),-8.9729,-139.239,MES,TARA_122,MES,[0.22-3µm],-8.9729,-139.239,TARA_122,ERS492680,ERR598999|ERR599096|ERR599033|ERR599083,SAMEA2622673,SEQ-(10L-or-15min)_W0.22-3,MES,[MES] marine water layer (ENVO:01000295) within the mesopelagic zone (ENVO:00000213),0.22,3,Trades Biome,[SPO] South Pacific Ocean (MRGID:1910),"[SPSG] South Pacific Subtropical Gyre Province, North and South (MRGID:21486)",TARA_B100000678,2011/07/27 19:28:00,-3328,7.133995,34.5789,27.07634,33.3605,-0.00144,600,0,40.6107,41.697487,0.000002316,0.030111594,0.087558472,6.207147837,,300.345,42.27088737,0.000125267,,,,,,,,,,,98,103,107,13,255,209,0.260512,0.561525,,,,,,,,,,,,,-8.9729,-139.2393,0,winter,middle,0.007751,0.028977,15.833333
OM-RGC.v2.009008712,Biota;,TARA_B100000686,2.46645E-08,100,291,HBD_Gamma_04 (Clade 3),-8.9109,-140.285,MIX,TARA_123,MIX,[0.22-3µm],-8.9109,-140.285,TARA_123,ERS492778,ERR598998|ERR598956|ERR599117|ERR599157,SAMEA2622733,SEQ-(10L-or-15min)_W0.22-3,MIX,[MIX] marine epipelagic wind mixed layer (ENVO:01000061),0.22,3,Trades Biome,[SPO] South Pacific Ocean (MRGID:1910),"[SPSG] South Pacific Subtropical Gyre Province, North and South (MRGID:21486)",TARA_B100000686,2011/08/01 17:52:00,-985,21.97372,35.877315,24.895825,5.9764,-0.00582,150,,158.18405,5.004597,0.000002277,0.02508309,0.054778114,6.231764158,,,77.0915184,0.000143744,0.0025,0.000925,,0.006175,0.002,,1.46875,0.6607,5.44175,1.18375,107,36,234,13,237,236,,,,,,,0.006075,0.001225,0.000925,0,0.013375,0,0.00555,0,-8.9109,-140.2845,0,winter,middle,-0.011503,0.053774,1.083333
OM-RGC.v2.009008712,Biota;,TARA_B100000676,5.55319E-08,100,291,HBD_Gamma_04 (Clade 3),-9.0714,-140.597,MIX,TARA_124,MIX,[0.22-3µm],-9.0714,-140.597,TARA_124,ERS492863,ERR599084|ERR598988|ERR599089|ERR599161,SAMEA2622796,SEQ-(10L-or-15min)_W0.22-3,MIX,[MIX] marine epipelagic wind mixed layer (ENVO:01000061),0.22,3,Trades Biome,[SPO] South Pacific Ocean (MRGID:1910),"[SPSG] South Pacific Subtropical Gyre Province, North and South (MRGID:21486)",TARA_B100000676,2011/08/05 17:31:00,-954,24.81397,35.907345,24.092785,46.8174,0.02364,120,0.00002,172.42475,4.148328,0.000002459,0.023188621,0.052577804,6.232079824,,,71.37910843,0.000164031,0.00585,0.00185,,0.00975,0,,0.3535,0.4885,1.19925,1.469,101,28,111,13,193,145,,,,,,,0.01025,0.00215,0.00185,0,0.01915,0,0.0175,0,-9.0714,-140.5973,0,winter,middle,0.000096,0.043603,2.777778
OM-RGC.v2.009008712,Biota;,TARA_B100001123,2.87638E-08,100,291,HBD_Gamma_04 (Clade 3),-8.8999,-142.546,MIX,TARA_125,MIX,[0.22-3µm],-8.8999,-142.546,TARA_125,ERS492926,ERR599156,SAMEA2622837,SEQ-(10L-or-15min)_W0.22-3,MIX,[MIX] marine epipelagic wind mixed layer (ENVO:01000061),0.22,3,Trades Biome,[SPO] South Pacific Ocean (MRGID:1910),"[SPSG] South Pacific Subtropical Gyre Province, North and South (MRGID:21486)",TARA_B100001123,2011/08/09 17:05:00,-4371,23.681605,36.28145,24.715135,230.753,-0.00327,140,0.000059,160.81445,3.583718,0.000002359,0.01748565,0.02433348,6.146822453,,,55.34723282,8.75286E-05,0,0.0004,,0.0025,0,,0.05475,0.566,3.47525,1.24575,102,26,111,29,242,211,,,,,,,0.00145,0,0.0004,0,0.00415,0,0.0002,0,-8.8999,-142.5461,0,winter,middle,-0.004254,0.014455,0
OM-RGC.v2.009008712,Biota;,TARA_B100001250,5.73524E-07,100,291,HBD_Gamma_04 (Clade 3),31.5168,-159.046,DCM,TARA_132,DCM,[0.22-3µm],31.5168,-159.046,TARA_132,ERS493340,ERR598995,SAMEA2623079,SEQ-(100L)_W0.22-3,DCM,[DCM] deep chlorophyll maximum layer (ENVO:01000326),0.22,3,Westerlies Biome,[NPO] North Pacific Ocean (MRGID:1908),[NPST] North Pacific Subtropical and Polar Front Provinces (MRGID:21484),TARA_B100001250,2011/10/05 00:59:00,-5710,15.321075,34.39568,25.4389,972.1014,0.07992,115,0.006352,222.94125,0,0.00081438,0.022323498,0.023501203,0.001618445,,246.522,28.51713467,0.000150477,0.0055,0.0099,,0.041,0,,0.017,0.1252,0.047,4.4468,48,110,58,52,16,128,0.486663,0.607278,5351.604577,6.561389685,17993.8,0.727202007,0.024,0.0035,0.0099,0.0009,0.0512,0,0.0352,0,31.5168,-159.046,0,autumn,early,0.134524,0.043804,0
OM-RGC.v2.009008712,Biota;,TARA_B100001245,1.45193E-06,100,291,HBD_Gamma_04 (Clade 3),31.528,-159.022,MES,TARA_132,MES,[0.22-3µm],31.528,-159.022,TARA_132,ERS493372,ERR598980,SAMEA2623098,SEQ-(100L)_W0.22-3,MES,[MES] marine water layer (ENVO:01000295) within the mesopelagic zone (ENVO:00000213),0.22,3,Westerlies Biome,[NPO] North Pacific Ocean (MRGID:1908),[NPST] North Pacific Subtropical and Polar Front Provinces (MRGID:21484),TARA_B100001245,2011/10/05 20:45:00,-5529,6.634392,33.991383,26.6805,970.5554,-0.0024,550,0,131.979417,28.302949,0.00081438,0.022323498,0.023501203,0.001618445,,263.25375,28.31336403,0.000153814,0,0,,0,0,,,,,,47,113,56,56,646,137,0.486663,0.607278,6356.928968,6.831743729,19674.3,0.729293364,0,0,0,0,0,0,0,0,31.528,-159.0224,0,autumn,early,0.134524,0.043804,0
OM-RGC.v2.009008712,Biota;,TARA_B100001105,1.22552E-07,100,291,HBD_Gamma_04 (Clade 3),35.2698,-127.727,MES,TARA_133,MES,[0.22-3µm],35.2698,-127.727,TARA_133,ERS493460,ERR599115,SAMEA2623155,SEQ-(100L)_W0.22-3,MES,[MES] marine water layer (ENVO:01000295) within the mesopelagic zone (ENVO:00000213),0.22,3,Westerlies Biome,[NPO] North Pacific Ocean (MRGID:1908),[NPST] North Pacific Subtropical and Polar Front Provinces (MRGID:21484),TARA_B100001105,2011/10/19 19:27:00,-4691,4.918875,34.333562,27.162231,522.5004,-0.0045,650,0,9.46475,43.553981,0.000164224,0.019672674,0.010027013,0.004801808,,644.261,65.03458405,0.000298098,0,0,,0,0,,,,,,13,38,42,33,656,49,0.637497,0.44712,7460.331781,6.975785811,21207.9,0.719530468,0,0,0,0,0,0,0.0002,0,35.2698,-127.7268,0,autumn,early,-0.465615,0.043359,41.555556
OM-RGC.v2.009008712,Biota;,TARA_B100001964,1.58696E-08,100,291,HBD_Gamma_04 (Clade 3),14.2075,-116.647,DCM,TARA_137,DCM,[0.22-3µm],14.2075,-116.647,TARA_137,ERS493670,ERR598987|ERR599099|ERR599070|ERR599147,SAMEA2623295,SEQ-(10L-or-15min)_W0.22-3,DCM,[DCM] deep chlorophyll maximum layer (ENVO:01000326),0.22,3,Trades Biome,[NPO] North Pacific Ocean (MRGID:1908),[PNEC] North Pacific Equatorial Countercurrent Province (MRGID:21488),TARA_B100001964,2011/12/02 20:42:00,-4118,20.58574,34.366025,24.14088,505.4989,0.33414,40,0.645405,123.201,7.312792,0.000004212,0.016200179,0.02376498,3.006373823,1.7042,452.195,62.97020531,0.000252071,0.0238,0.0228,,0.0606,0,,0.3055,0.884,6.0475,4.661,28,34,39,16,206,39,0.623359,0.561121,4996.589383,6.084460282,17574.3,0.737769447,0.0553,0.0197,0.0228,0.0051,0.1557,0.0025,0.1106,0.0088,14.2075,-116.6468,0,autumn,late,0.075315,0.032361,0
OM-RGC.v2.009008712,Biota;,TARA_B100001971,6.14034E-08,100,291,HBD_Gamma_04 (Clade 3),14.2025,-116.643,MES,TARA_137,MES,[0.22-3µm],14.2025,-116.643,TARA_137,ERS493705,ERR599127|ERR599076|ERR599015|ERR599152,SAMEA2623314,SEQ-(10L-or-15min)_W0.22-3,MES,[MES] marine water layer (ENVO:01000295) within the mesopelagic zone (ENVO:00000213),0.22,3,Trades Biome,[NPO] North Pacific Ocean (MRGID:1908),[PNEC] North Pacific Equatorial Countercurrent Province (MRGID:21488),TARA_B100001971,2011/12/03 14:31:00,-4140,8.887131,34.5882,26.820475,508.0711,0,375,0,0.832313,35.049476,0.000004212,0.016200179,0.02376498,3.006373823,1.3698,452.195,67.85565948,0.000261073,0,0,,0,0,,0.0093,2.9545,34.551,46.6245,28,37,40,14,351,40,0.623359,0.561121,6924.430129,6.248980533,20605.8,0.730546934,0,0,0,0,0,0,0.0011,0,14.2025,-116.6433,0,autumn,late,0.075315,0.032361,0
OM-RGC.v2.009008712,Biota;,TARA_B100002003,2.37402E-08,100,291,HBD_Gamma_04 (Clade 3),6.3559,-103.06,MES,TARA_138,MES,[0.22-3µm],6.3559,-103.06,TARA_138,ERS493822,ERR599060|ERR599175|ERR599004|ERR599051,SAMEA2623390,SEQ-(10L-or-15min)_W0.22-3,MES,[MES] marine water layer (ENVO:01000295) within the mesopelagic zone (ENVO:00000213),0.22,3,Trades Biome,[NPO] North Pacific Ocean (MRGID:1908),[PNEC] North Pacific Equatorial Countercurrent Province (MRGID:21488),TARA_B100002003,2011/12/11 20:37:00,-3241,8.149894,34.608919,26.951444,814.9045,0,450,,1.013313,36.753654,0.000004689,0.013172547,0.020416232,2.891272922,,277.87,,,0,0.0018,,0,0,,0.0078,3.155,36.219,52.9225,38,45,49,15,482,49,0.602965,0.433796,6404.034706,6.281538192,20553.2,0.734761859,0,0.001,0.0018,0,0,0,0.0014,0,6.3559,-103.0598,0,autumn,late,-0.002795,0.020154,0
OM-RGC.v2.009008712,Biota;,TARA_B100002052,3.96108E-07,100,291,HBD_Gamma_04 (Clade 3),25.6168,-88.4532,DCM,TARA_142,DCM,[0.22-3µm],25.6168,-88.4532,TARA_142,ERS493981,ERR599100,SAMEA2623488,SEQ-(100L)_W0.22-3,DCM,[DCM] deep chlorophyll maximum layer (ENVO:01000326),0.22,3,Coastal Biome,[NAO] North Atlantic Ocean (MRGID:1912),[CARB] Caribbean Province (MRGID:21466),TARA_B100002052,2012/01/09 20:17:00,-3246,24.961605,36.17927,24.25287,395.8363,0.04617,125,0.000724,193.38225,0,0.00116825,0.009340256,0.04348362,0.254889735,,356.5965,53.37124062,9.60987E-05,0.001,0.0189,,0.041,0,,0.0175,,0.0615,1.168,145,34,154,14,205,321,0.644225,0.691085,4745.138573,6.796594791,18707.1,0.732082066,0.0294,0.0024,0.0189,0.0019,0.0748,0.0025,0.0388,0,25.6168,-88.4532,0,winter,early,-2.922481,0.044572,25.75
OM-RGC.v2.009008712,Biota;,TARA_B100002049,3.82707E-07,100,291,HBD_Gamma_04 (Clade 3),25.6236,-88.45,MES,TARA_142,MES,[0.22-3µm],25.6236,-88.45,TARA_142,ERS494006,ERR598985,SAMEA2623513,SEQ-(100L)_W0.22-3,MES,[MES] marine water layer (ENVO:01000295) within the mesopelagic zone (ENVO:00000213),0.22,3,Coastal Biome,[NAO] North Atlantic Ocean (MRGID:1912),[CARB] Caribbean Province (MRGID:21466),TARA_B100002049,2012/01/10 14:49:00,-3257,9.735075,35.165212,27.13905,374.3394,-0.0009,640,0,108.231313,31.001404,0.00116825,0.009340256,0.04348362,0.254889735,,353.047,53.37124062,9.60987E-05,0,0,,0,0,,0,1.2175,,8.624,147,33,156,14,654,740,0.644225,0.691085,5980.493828,6.844384602,20525.4,0.738370666,0,0,0,0,0,0,0.0005,0,25.6236,-88.45,0,winter,early,-2.922481,0.044572,25.75
OM-RGC.v2.009008712,Biota;,TARA_B100001146,6.45823E-08,100,291,HBD_Gamma_04 (Clade 3),39.2392,-70.0343,MES,TARA_145,MES,[0.22-3µm],39.2392,-70.0343,TARA_145,ERS494208,ERR599166,SAMEA2623649,SEQ-(100L)_W0.22-3,MES,[MES] marine water layer (ENVO:01000295) within the mesopelagic zone (ENVO:00000213),0.22,3,Westerlies Biome,[NAO] North Atlantic Ocean (MRGID:1912),[GFST] Gulf Stream Province (MRGID:21454),TARA_B100001146,2012/02/02 18:36:00,-2645,5.004169,34.963392,27.649883,226.333,-0.0072,590,0,232.660562,19.964889,0.000894599,0.013130805,0.114780657,2.422716151,,601.048,88.18548203,8.87712E-05,,,,,,,,,,,125,14,100,696,176,92,0.613434,0.688783,6973.229117,6.881070703,19417.6,0.729467247,,,,,,,,,39.2392,-70.0343,0,winter,middle,-0.044917,0.144593,3.472222
OM-RGC.v2.009008712,Biota;,TARA_B100001142,1.06473E-08,100,291,HBD_Gamma_04 (Clade 3),39.2305,-70.0377,SRF,TARA_145,SRF,[0.22-3µm],39.2305,-70.0377,TARA_145,ERS494170,ERR598983,SAMEA2623627,SEQ-(100L)_W0.22-3,SRF,[SRF] surface water layer (ENVO:00010504),0.22,3,Westerlies Biome,[NAO] North Atlantic Ocean (MRGID:1912),[GFST] Gulf Stream Province (MRGID:21454),TARA_B100001142,2012/02/02 11:52:00,-2649,13.993715,35.12152,26.282555,262.746,0.13044,5,1.097164,236.78925,5.013141,0.000894599,0.013130805,0.114780657,2.422716151,,481.9585,88.18548203,8.87712E-05,0.0164,0.10205,23.63622,0.0266,0,7.882102,0.093,0.33275,3.7925,2.41425,128,55,100,1026,212,105,0.613434,0.688783,4571.093166,6.760536259,14527.4,0.747027979,0.0248,0.00715,0.10205,0.03245,0.0907,0.02185,0.0206,0.00345,39.2305,-70.0377,0,winter,middle,-0.044917,0.144593,3.472222
OM-RGC.v2.009008712,Biota;,TARA_B100001167,3.82077E-08,100,291,HBD_Gamma_04 (Clade 3),34.6663,-71.2907,MES,TARA_146,MES,[0.22-3µm],34.6663,-71.2907,TARA_146,ERS494274,ERR599047,SAMEA2623693,SEQ-(100L)_W0.22-3,MES,[MES] marine water layer (ENVO:01000295) within the mesopelagic zone (ENVO:00000213),0.22,3,Westerlies Biome,[NAO] North Atlantic Ocean (MRGID:1912),[GFST] Gulf Stream Province (MRGID:21454),TARA_B100001167,2012/02/16 12:01:00,-4582,10.6855,35.36729,27.13082,388.5682,0.00144,640,,137.3344,21.943329,0.001105931,0.005640432,0.035152871,0.61873752,,388.337,,,,,,,,,0,1.3135,20.025,13.2415,194,13,210,27,637,772,0.517071,0.514298,6301.280979,6.741054363,18700.5,0.726651461,,,,,,,,,34.6663,-71.2907,0,winter,middle,-4.060752,0.04793,91
OM-RGC.v2.009008712,Biota;,TARA_B100001750,8.14633E-08,100,291,HBD_Gamma_04 (Clade 3),34.1504,-56.9684,MES,TARA_148b,MES,[0.22-3µm],34.1504,-56.9684,TARA_148b,ERS494374,ERR598958,SAMEA2623756,SEQ-(10L-or-15min)_W0.22-3,MES,[MES] marine water layer (ENVO:01000295) within the mesopelagic zone (ENVO:00000213),0.22,3,Westerlies Biome,[NAO] North Atlantic Ocean (MRGID:1912),[NAST-W] North Atlantic Subtropical Gyral Province (MRGID:21455),TARA_B100001750,2012/02/27 15:28:00,-5057,18.129194,36.565812,26.450856,78.7866,-0.0063,250,0,192.246187,3.578039,0.000970728,0.009404778,0.078729671,0.903267649,,,85.92880249,8.22499E-05,,,,,,,0.0305,0.179,4.1285,1.6225,177,43,180,13,781,171,0.339952,0.515841,,,,,,,,,,,,,34.1504,-56.9684,0,winter,middle,,,
OM-RGC.v2.009008712,Biota;,TARA_B100001765,1.98144E-08,100,291,HBD_Gamma_04 (Clade 3),34.0771,-49.8233,MES,TARA_149,MES,[0.22-3µm],34.0771,-49.8233,TARA_149,ERS494431,ERR598964,SAMEA2623794,SEQ-(10L-or-15min)_W0.22-3,MES,[MES] marine water layer (ENVO:01000295) within the mesopelagic zone (ENVO:00000213),0.22,3,Westerlies Biome,[NAO] North Atlantic Ocean (MRGID:1912),[NAST-W] North Atlantic Subtropical Gyral Province (MRGID:21455),TARA_B100001765,2012/03/01 18:50:00,-4789,10.496305,35.369805,27.170345,1391.144,0.0009,740,0,152.7195,20.172519,0.000983844,0.011274377,0.069205704,0.470016162,,588.722,70.02334213,0.000101148,,,,,,,0.00725,1.34475,20.924,,150,28,150,14,750,878,0.300514,0.556866,6108.653109,6.783395287,19184.7,0.72613114,,,,,,,,,34.0771,-49.8233,0,winter,late,0.275561,0.079308,0
OM-RGC.v2.009008712,Biota;,TARA_B100001559,3.16376E-08,100,291,HBD_Gamma_04 (Clade 3),36.1811,-28.9373,DCM,TARA_151,DCM,[0.22-3µm],36.1811,-28.9373,TARA_151,ERS494559,ERR598986,SAMEA2623868,SEQ-(100L)_W0.22-3,DCM,[DCM] deep chlorophyll maximum layer (ENVO:01000326),0.22,3,Westerlies Biome,[NAO] North Atlantic Ocean (MRGID:1912),[NAST-E] North Atlantic Subtropical Gyral Province (MRGID:21467),TARA_B100001559,2012/03/09 17:42:00,-3516,16.74703,36.182395,26.48531,256.7346,0.08652,80,0.079852,228.11655,1.005795,0.00129951,0.021044872,0.036169071,0.306125077,,426.704,49.19773102,0.000114746,,,,,,,0.0415,0.022,0.142,0.6335,48,68,108,52,170,108,0.414522,0.585611,5286.141793,6.940453083,17700.9,0.732395269,,,,,,,,,36.1811,-28.9373,0,winter,late,-0.157861,0.025897,37.583333
OM-RGC.v2.009008712,Biota;,TARA_B100001179,1.49236E-08,100,291,HBD_Gamma_04 (Clade 3),43.7182,-16.8714,MES,TARA_152,MES,[0.22-3µm],43.7182,-16.8714,TARA_152,ERS494616,ERR598944,SAMEA2623907,SEQ-(100L)_W0.22-3,MES,[MES] marine water layer (ENVO:01000295) within the mesopelagic zone (ENVO:00000213),0.22,3,Westerlies Biome,[NAO] North Atlantic Ocean (MRGID:1912),[NAST-E] North Atlantic Subtropical Gyral Province (MRGID:21467),TARA_B100001179,2012/03/19 14:59:00,-4066,10.167675,35.570583,27.385592,615.9903,0,800,0,174.851333,17.58633,0.000994762,0.022559946,0.052923159,0.32542221,,484.369,67.7718277,0.000182685,,,,,,,,,,,138,24,922,13,883,922,0.542868,0.574202,6000.363223,6.774179828,19541,0.729673172,,,,,,,,,43.7182,-16.8714,0,winter,late,-0.093316,0.033926,6.083333
OM-RGC.v2.009033127,Biota;,TARA_B100000446,4.98358E-09,100,291,Thalassolituus oleivorans SRR3933287 (Clade 4),-20.4075,-3.1641,MES,TARA_070,MES,[0.22-3µm],-20.4075,-3.1641,TARA_070,ERS490373,ERR599044|ERR599149,SAMEA2621092,SEQ-(100L)_W0.22-3,MES,[MES] marine water layer (ENVO:01000295) within the mesopelagic zone (ENVO:00000213),0.22,3,Trades Biome,[SAO] South Atlantic Ocean (MRGID:1914),[SATL] South Atlantic Gyral Province (MRGID:21459),TARA_B100000446,2010/09/21 11:57:00,-4678,4.188237,34.446963,27.333325,558.1525,-0.00495,800,0,161.92525,36.675625,0.000787816,0.015283077,0.031308781,0.029039364,,475.34,59.29802513,0.000233392,,,,,,,0.01,2.522,36.73,44.86,146,42,156,15,219,,0.497782,0.556013,,,,,,,,,,,,,-20.4075,-3.1641,0,winter,late,0.009208,0.047133,0
OM-RGC.v2.009033127,Biota;,TARA_B100000508,8.27374E-09,100,291,Thalassolituus oleivorans SRR3933287 (Clade 4),-8.7986,-17.9034,MES,TARA_072,MES,[0.22-3µm],-8.7986,-17.9034,TARA_072,ERS490507,ERR599005|ERR599048,SAMEA2621176,SEQ-(100L)_W0.22-3,MES,[MES] marine water layer (ENVO:01000295) within the mesopelagic zone (ENVO:00000213),0.22,3,Trades Biome,[SAO] South Atlantic Ocean (MRGID:1914),[SATL] South Atlantic Gyral Province (MRGID:21459),TARA_B100000508,2010/10/06 07:58:00,-4055,4.641719,34.476312,27.30785,396.7311,-0.00225,800,0,143.273625,37.560305,0.001262169,0.011292624,0.018234891,0.036490005,,322.113,32.02692795,,0,0,,0,0,,0.007,2.618,36.98,34.44,81,93,105,17,270,970,0.321126,0.715698,,,,,0,0,0,0,0,0,0,0,-8.7986,-17.9034,0,spring,early,0.006396,0.087015,0
OM-RGC.v2.009033127,Biota;,TARA_B100000519,1.26672E-08,100,291,Thalassolituus oleivorans SRR3933287 (Clade 4),-21.0292,-35.3498,DCM,TARA_076,DCM,[0.22-3µm],-21.0292,-35.3498,TARA_076,ERS490597,ERR599040|ERR599148,SAMEA2621216,SEQ-(100L)_W0.22-3,DCM,[DCM] deep chlorophyll maximum layer (ENVO:01000326),0.22,3,Trades Biome,[SAO] South Atlantic Ocean (MRGID:1914),[SATL] South Atlantic Gyral Province (MRGID:21459),TARA_B100000519,2010/10/16 16:58:00,-4087,21.16596,36.61951,25.68731,30.3292,0.039,150,0.045726,200.32465,0.218613,0.000776878,0.011959192,0.013930039,0.013453111,,201.5375,24.42359638,7.08565E-05,0.0006,0.00245,,0.01715,0,,0.047654,0.051522,0,0.712116,51,139,202,28,176,205,0.337256,0.578854,,,,,0.0114,0.0008,0.00245,0.00085,0.0225,0,0.0108,0,-21.0292,-35.3498,0,spring,early,0.084131,0.027592,0
OM-RGC.v2.009033127,Biota;,TARA_B100000749,4.84028E-09,100,291,Thalassolituus oleivorans SRR3933287 (Clade 4),-20.9315,-35.1794,MES,TARA_076,MES,[0.22-3µm],-20.9315,-35.1794,TARA_076,ERS490633,ERR599154|ERR599000,SAMEA2621232,SEQ-(100L)_W0.22-3,MES,[MES] marine water layer (ENVO:01000295) within the mesopelagic zone (ENVO:00000213),0.22,3,Trades Biome,[SAO] South Atlantic Ocean (MRGID:1914),[SATL] South Atlantic Gyral Province (MRGID:21459),TARA_B100000749,2010/10/17 09:05:00,-3907,4.664275,34.369569,27.220344,36.257,-0.0063,800,0,191.413187,33.940795,0.000776878,0.011959192,0.013930039,0.013453111,,192.574,24.61178017,9.30798E-05,0,0,,0,0,,,,,,52,126,143,65,581,900,0.337256,0.578854,6449.138881,6.890998596,21377.9,0.731395365,0,0,0,0,0,0,0,0,-20.9315,-35.1794,0,spring,early,0.084131,0.027592,0